Product Title,Product Price,Product Asin,Product URL
"Xbox Wireless Headset – Xbox Series X|S, Xbox One, and Windows Devices",$112.52,B08WFD42G5,https://www.amazon.com/Xbox-Wireless-Headset-One-Windows-Devices/dp/B08WFD42G5/ref=sr_1_1?m=A3DQZEP4SGW5UA&qid=1699704002&s=merchant-items&sr=1-1
"Seagate (STGD2000100) Game Drive for PS4 Systems 2TB External Hard Drive Portable HDD â€“ USB 3.0, Officially Licensed Product",$112.52,B07M9VCHDG,https://www.amazon.com/Seagate-Drive-Systems-External-Portable/dp/B07M9VCHDG/ref=sr_1_2?m=A3DQZEP4SGW5UA&qid=1699704002&s=merchant-items&sr=1-2
"Xbox Core Wireless Controller – Electric Volt – Xbox Series X|S, Xbox One, and Windows Devices",$112.52,B08ZNQN1FP,https://www.amazon.com/Xbox-Wireless-Controller-Electric-Windows-Devices/dp/B08ZNQN1FP/ref=sr_1_3?m=A3DQZEP4SGW5UA&qid=1699704002&s=merchant-items&sr=1-3
"Logitech G915 TKL Tenkeyless Lightspeed Wireless RGB Mechanical Gaming Keyboard, Low Profile Switch Options, Lightsync RGB, Advanced Wireless and Bluetooth Support - Tactile,Black",$112.52,B085RLZ1C4,https://www.amazon.com/Logitech-Tenkeyless-Lightspeed-Mechanical-LIGHTSYNC/dp/B085RLZ1C4/ref=sr_1_4?m=A3DQZEP4SGW5UA&qid=1699704002&s=merchant-items&sr=1-4
"WD_BLACK 4TB P10 Game Drive - Portable External Hard Drive HDD, Compatible with Playstation, Xbox, PC, & Mac - WDBA3A0040BBK-WESN",$112.52,B07VNTFK87,https://www.amazon.com/WD_Black-Drive-External-Compatible-WDBA3A0040BBK-WESN/dp/B07VNTFK87/ref=sr_1_5?m=A3DQZEP4SGW5UA&qid=1699704002&s=merchant-items&sr=1-5
"MSI Force GC30V2 Wireless Gaming Controller, Dual Vibration Motors, Dual Connection Modes, Interchangable D-Pads, Compatible with PC & Android",$112.52,B09PFBX39L,https://www.amazon.com/MSI-Force-Controller-Connection-Interchangable/dp/B09PFBX39L/ref=sr_1_6?m=A3DQZEP4SGW5UA&qid=1699704002&s=merchant-items&sr=1-6
"HyperX CloudX Stinger Core - Official Licensed for Xbox, Gaming Headset with In-Line Audio Control, Immersive In-Game , Microphone",$112.52,B07KYC1VL7,https://www.amazon.com/HyperX-CloudX-Stinger-Core-HX-HSCSCX-BK/dp/B07KYC1VL7/ref=sr_1_7?m=A3DQZEP4SGW5UA&qid=1699704002&s=merchant-items&sr=1-7
"HyperX Cloud III – Wired Gaming Headset, PC, PS5, Xbox Series X|S, Angled 53mm Drivers, DTS, Memory Foam, Durable Frame, Ultra-Clear 10mm Mic, USB-C, USB-A, 3.5mm – Black",$112.52,B0C3BSZ56D,https://www.amazon.com/HyperX-Cloud-III-Ultra-Clear-USB/dp/B0C3BSZ56D/ref=sr_1_8?m=A3DQZEP4SGW5UA&qid=1699704002&s=merchant-items&sr=1-8
"HyperX CloudX Stinger - Official Xbox Licensed Gaming Headset, Lightweight, Rotating Ear Cups, Memory Foam, Comfort, Durability, Steel Sliders, Swivel-to-Mute Noise-Cancellation Microphone",$112.52,B07WJRF4XY,https://www.amazon.com/HyperX-Cloudx-Stinger-Line-Game/dp/B07WJRF4XY/ref=sr_1_9?m=A3DQZEP4SGW5UA&qid=1699704002&s=merchant-items&sr=1-9
"Logitech G502 X Plus Lightspeed Wireless Optical Mouse - LIGHTFORCE hybrid switches, LIGHTSYNC RGB, HERO 25K gaming sensor, compatible with PC - macOS/Windows - White",$112.52,B092CGJ1S5,https://www.amazon.com/Logitech-G-Artanis-WL-White/dp/B092CGJ1S5/ref=sr_1_10?m=A3DQZEP4SGW5UA&qid=1699704002&s=merchant-items&sr=1-10
"Logitech G840 XL Cloth Gaming Mouse Pad - 0.12 in Thin, Stable Rubber Base, Performance-Tuned Surface - Black",$112.52,B0BHMN52LY,https://www.amazon.com/Logitech-Cloth-Gaming-Mouse-Performance-Tuned/dp/B0BHMN52LY/ref=sr_1_11?m=A3DQZEP4SGW5UA&qid=1699704002&s=merchant-items&sr=1-11
"Seagate Ultra Touch HDD 2TB External Hard Drive - 7mm, Cloud White, Post-Consumer Recycled Material, 6mo Dropbox and Mylio, Rescue Services (STMA2000400)",$112.52,B0BN4B4L54,https://www.amazon.com/Seagate-Ultra-Touch-External-Drive/dp/B0BN4B4L54/ref=sr_1_12?m=A3DQZEP4SGW5UA&qid=1699704002&s=merchant-items&sr=1-12
"Halo Infinite – Xbox Series X, Xbox One",$112.52,B07SL6YYBW,https://www.amazon.com/Halo-Infinite-Xbox-One-Standard/dp/B07SL6YYBW/ref=sr_1_13?m=A3DQZEP4SGW5UA&qid=1699704002&s=merchant-items&sr=1-13
"MSI Vigor GK30 Combo, 6-Zone RGB GK30 Gaming Keyboard & GM11 Gaming Mouse, Water Repellent & Splash-Proof, 5000 DPI",$112.52,B07WKBMG9Z,https://www.amazon.com/MSI-Dedicated-Anti-Ghosting-Mechanical-GK30/dp/B07WKBMG9Z/ref=sr_1_14?m=A3DQZEP4SGW5UA&qid=1699704002&s=merchant-items&sr=1-14
Logitech G USB G Pro Flight Radio Panel,$112.52,B01M1BNQAF,https://www.amazon.com/Logitech-Saitek-Flight-Radio-Panel/dp/B01M1BNQAF/ref=sr_1_15?m=A3DQZEP4SGW5UA&qid=1699704002&s=merchant-items&sr=1-15
Hyperkin RetroN 5: HD Gaming Console for GBA/ Gbc/ GB/ Super NES/ Super Famicom/ Genesis/ Mega Drive/ Master System (Hyper Beach) - Super NES,$112.52,B08T1CBW4X,https://www.amazon.com/Hyperkin-RetroN-Console-Famicom-Genesis-nintendo/dp/B08T1CBW4X/ref=sr_1_16?m=A3DQZEP4SGW5UA&qid=1699704002&s=merchant-items&sr=1-16
"Logitech G USB Pro Flight Switch Panel, WHITE",$135.77,B01M1BNTZN,https://www.amazon.com/Logitech-945-000030-Flight-Switch-Panel/dp/B01M1BNTZN/ref=sr_1_17?m=A3DQZEP4SGW5UA&qid=1699704011&s=merchant-items&sr=1-17
Logitech G USB G Pro Flight Multi Panel,$135.77,B01LWRNBI0,https://www.amazon.com/Logitech-Pro-Flight-Multi-Panel/dp/B01LWRNBI0/ref=sr_1_18?m=A3DQZEP4SGW5UA&qid=1699704011&s=merchant-items&sr=1-18
Logitech G402 Hyperion Fury FPS Gaming Mouse,$135.77,B00LZVNWIA,https://www.amazon.com/Logitech-G402-Hyperion-Gaming-Mouse/dp/B00LZVNWIA/ref=sr_1_19?m=A3DQZEP4SGW5UA&qid=1699704011&s=merchant-items&sr=1-19
Logitech G USB Pro Flight Instrument Panel,$135.77,B01LYE4J1C,https://www.amazon.com/Logitech-Saitek-Flight-Instrument-Panel/dp/B01LYE4J1C/ref=sr_1_20?m=A3DQZEP4SGW5UA&qid=1699704011&s=merchant-items&sr=1-20
"Logitech G PRO Flight Yoke System, Professional Simulation Yoke and Throttle Quadrant, 3 Modes, 75 Programmable Controls, Configurable Throttle Knobs, Steel Shaft, USB, PC - Black",$135.77,B01M00OQBE,https://www.amazon.com/Logitech-Saitek-Flight-Yoke-System/dp/B01M00OQBE/ref=sr_1_21?m=A3DQZEP4SGW5UA&qid=1699704011&s=merchant-items&sr=1-21
"Seagate Game Drive for Playstation Consoles 4TB External Hard Drive - USB 3.2 Gen 1, Officially-Licensed (STLL4000100)",$135.77,B09XWLV43B,https://www.amazon.com/Seagate-Drive-Playstation-Consoles-External/dp/B09XWLV43B/ref=sr_1_22?m=A3DQZEP4SGW5UA&qid=1699704011&s=merchant-items&sr=1-22
SupaBoy Portable Pocket Console For Super NES® / Super Famicom™,$135.77,B0B89MYGDY,https://www.amazon.com/SupaBoy-Portable-Console-Super-FamicomTM-Nintendo/dp/B0B89MYGDY/ref=sr_1_23?m=A3DQZEP4SGW5UA&qid=1699704011&s=merchant-items&sr=1-23
"MSI Vigor GK30 RGB Gaming Keyboard, 6-Zone RGB Lighting, Water Repellent & Splash-Proof, Mechanical-Like Plunger Switches, Black",$135.77,B07WJJC45T,https://www.amazon.com/MSI-Anti-Ghosting-Mechanical-Vigor-GK30/dp/B07WJJC45T/ref=sr_1_24?m=A3DQZEP4SGW5UA&qid=1699704011&s=merchant-items&sr=1-24
"MSI Vigor GK50 Elite LL Mechanical Gaming Keyboard - Kailh Blue Switches (Clicky), Ergonomic Keycaps, Brushed Metal Finish, Anti-Slip Base, Per-Key RGB Mystic Light, USB 2.0 - Full-Sized",$135.77,B08K2PZP42,https://www.amazon.com/MSI-VIDEO-VIGORGK50ELL-VIGOR-Switch/dp/B08K2PZP42/ref=sr_1_25?m=A3DQZEP4SGW5UA&qid=1699704011&s=merchant-items&sr=1-25
Movo ACM400 Flexible Gooseneck Omnidirectional Microphone for Motovlogging Moto Vlog Action Cam Helmet Mic - Clip on Microphone for Motorcycle Vloggers - Compatible with GoPro Media Mod,$135.77,B01MUBGX5F,https://www.amazon.com/Movo-ACM400-Omnidirectional-Microphone-Mirrorless/dp/B01MUBGX5F/ref=sr_1_26?m=A3DQZEP4SGW5UA&qid=1699704011&s=merchant-items&sr=1-26
"MSI Clutch GM20 Elite Gaming Mouse, 6400 DPI, 20M+ Clicks OMRON Switch, Optical Sensor, Adjustable Weights, Ergonomic Right Hand Design, RGB Mystic Light",$135.77,B08LG4LKKQ,https://www.amazon.com/MSI-CLUTCHGM20-Adjustable-Desktop-Optical/dp/B08LG4LKKQ/ref=sr_1_27?m=A3DQZEP4SGW5UA&qid=1699704011&s=merchant-items&sr=1-27
Hyperkin Hyperkin Duke Wired Controller for Xbox Series X|S/Xbox One/Windows 10 (Xbox 20th Anniversary Limited Edition) (White) - Officially Licensed by Xbox - Xbox;,$135.77,B09FYFT4NN,https://www.amazon.com/Hyperkin-Wired-Controller-Windows-Anniversary-Limited/dp/B09FYFT4NN/ref=sr_1_28?m=A3DQZEP4SGW5UA&qid=1699704011&s=merchant-items&sr=1-28
Hyperkin Duke Wired Controller for Xbox Series X|S/Xbox One/Windows 10 (Xbox 20th Anniversary Limited Edition) (Black) - Officially Licensed by Xbox,$135.77,B09FYJF6XY,https://www.amazon.com/Hyperkin-Controller-Windows-Anniversary-Limited-x/dp/B09FYJF6XY/ref=sr_1_29?m=A3DQZEP4SGW5UA&qid=1699704011&s=merchant-items&sr=1-29
Hyperkin RetroN Sq: HD Gaming Console for Game Boy/Color/Game Boy Advance (Blackgold) - Game Boy Advance,$135.77,B08WSHL985,https://www.amazon.com/Hyperkin-RetroN-Sq-Console-Advance-Blackgold/dp/B08WSHL985/ref=sr_1_30?m=A3DQZEP4SGW5UA&qid=1699704011&s=merchant-items&sr=1-30
"Lenovo Legion H500 PRO 7.1 Surround Sound Gaming Headset, Noise-Cancelling Mic, Memory Foam & PU Leather Earcups, Stainless Steel Headband, PC, PS4, Xbox One, Nintendo Switch, GXD0T69864, Black",$135.77,B07SCPBC1B,https://www.amazon.com/Lenovo-Surround-Noise-Cancelling-Stainless-GXD0T69864/dp/B07SCPBC1B/ref=sr_1_31?m=A3DQZEP4SGW5UA&qid=1699704011&s=merchant-items&sr=1-31
"Adesso Imouse E30-2.4GHz Wireless Ergonomic Vertical Right-Handed Mouse, Black",$135.77,B01N2ALYYK,https://www.amazon.com/Adesso-E30-2-4GHz-Wireless-Ergonomic-Right-Handed/dp/B01N2ALYYK/ref=sr_1_32?m=A3DQZEP4SGW5UA&qid=1699704011&s=merchant-items&sr=1-32
"Lasko CD08200 Small Portable Ceramic Space Heater for Bathroom and Indoor Home Use, White, 6.25 x 6.25 x 7.65 inches",$59.56,B01NAQO4F1,https://www.amazon.com/Lasko-CD08200-Bathroom-Heater-White/dp/B01NAQO4F1/ref=sr_1_33?m=A3DQZEP4SGW5UA&qid=1699704017&s=merchant-items&sr=1-33
"Elite Gourmet EWM-6171 Triple 3 x 2.5 Qt. Trays, Buffet Server, Food Warmer Temperature Control, Clear Slotted Lids, Perfect for Parties, Entertaining & Holidays, 7.5 Qt Total, Stainless Steel",$59.56,B0015UUEFU,https://www.amazon.com/Elite-Platinum-EWM-6171-Temperature-Entertaining/dp/B0015UUEFU/ref=sr_1_34?m=A3DQZEP4SGW5UA&qid=1699704017&s=merchant-items&sr=1-34
HEMPZ Body Lotion - Triple Moisture - Grapefruit and Sparkling Peach - Daily Moisturizing Cream - 17oz,$59.56,B00EYMWQRA,https://www.amazon.com/HEMPZ-Body-Lotion-Grapefruit-Moisturizing/dp/B00EYMWQRA/ref=sr_1_35?m=A3DQZEP4SGW5UA&qid=1699704017&s=merchant-items&sr=1-35
"Logitech MK235 Wireless Keyboard and Mouse Combo for Windows, USB Receiver, 15 FN Keys, Long Battery Life, Compatible with PC, Laptop",$59.56,B01AROOL12,https://www.amazon.com/Logitech-MK235-Wireless-Keyboard-Mouse/dp/B01AROOL12/ref=sr_1_36?m=A3DQZEP4SGW5UA&qid=1699704017&s=merchant-items&sr=1-36
"360 Premium Electrode Gel for ECG, TENS, Monitoring, Pediatrics Soothing Gel Anti-Irritation 8.5 oz Tube - Each",$59.56,B0837LN9X9,https://www.amazon.com/Electrode-Monitoring-Pediatrics-Soothing-Anti-Irritation/dp/B0837LN9X9/ref=sr_1_37?m=A3DQZEP4SGW5UA&qid=1699704017&s=merchant-items&sr=1-37
StarTech.com SATA to USB Cable - USB 3.0 to 2.5” SATA III Hard Drive Adapter - External Converter for SSD/HDD Data Transfer (USB3S2SAT3CB),$59.56,B00HJZJI84,https://www.amazon.com/StarTech-com-SATA-USB-Cable-USB3S2SAT3CB/dp/B00HJZJI84/ref=sr_1_38?m=A3DQZEP4SGW5UA&qid=1699704017&s=merchant-items&sr=1-38
"Turtle Wax 53409 Hybrid Solutions Ceramic Spray Coating, Incredible Shine & Protection for Car Paint, Extreme Water Beading, Safe for Cars, Trucks, Motorcycles, RV's & More, 16 oz.",$59.56,B07XYPS3PS,https://www.amazon.com/Turtle-Wax-53409-Solutions-Coating-16/dp/B07XYPS3PS/ref=sr_1_39?m=A3DQZEP4SGW5UA&qid=1699704017&s=merchant-items&sr=1-39
"Elite Gourmet EDB-302BF Countertop Double Cast Iron Burner, 1500 Watts Electric Hot Plate, Temperature Controls, Power Indicator Lights, Easy to Clean, Black",$59.56,B00C8C5I8M,https://www.amazon.com/Elite-Cuisine-EDB-302BF-Temperature-Indicator/dp/B00C8C5I8M/ref=sr_1_40?m=A3DQZEP4SGW5UA&qid=1699704017&s=merchant-items&sr=1-40
Trojan Pleasure Variety Pack Lubricated Condoms - 12 Count,$59.56,B00477OXKA,https://www.amazon.com/TROJAN-Pleasure-Pack-Latex-Condoms/dp/B00477OXKA/ref=sr_1_41?m=A3DQZEP4SGW5UA&qid=1699704017&s=merchant-items&sr=1-41
"Logitech for Creators Blue Yeti USB Microphone for Gaming, Streaming, Podcasting, Twitch, YouTube, Discord, Recording for PC and Mac, 4 Polar Patterns, Studio Quality Sound, Plug & Play-Blackout",$59.56,B00N1YPXW2,https://www.amazon.com/Logitech-Creators-Condenser-Microphone-988-000100/dp/B00N1YPXW2/ref=sr_1_42?m=A3DQZEP4SGW5UA&qid=1699704017&s=merchant-items&sr=1-42
HEMPZ Body Lotion - Sweet Pineapple and Honey Melon - Daily Moisturizing Cream - 17oz,$59.56,B01BPN6KG8,https://www.amazon.com/Hempz-Natural-Herbal-Body-Moisturizer/dp/B01BPN6KG8/ref=sr_1_43?m=A3DQZEP4SGW5UA&qid=1699704017&s=merchant-items&sr=1-43
"Permatex 80078 Anti-Seize Lubricant With Brush Top Bottle Prevents Galling, Corrosion, Seizing, Refined Blend Aluminum, Copper, And Graphite Lubricants For Spark Plugs 8 oz",$59.56,B000FW7VGE,https://www.amazon.com/Permatex-80078-Anti-Seize-Lubricant-Bottle/dp/B000FW7VGE/ref=sr_1_44?m=A3DQZEP4SGW5UA&qid=1699704017&s=merchant-items&sr=1-44
"TP-Link TL-SG1005P, 5 Port Gigabit PoE Switch, 4 PoE+ Ports @65W, Desktop, Plug & Play, Sturdy Metal w/ Shielded Ports, Fanless, QoS & IGMP Snooping,black",$59.56,B076HZFY3F,https://www.amazon.com/TP-Link-Compliant-Shielded-Optimization-TL-SG1005P/dp/B076HZFY3F/ref=sr_1_45?m=A3DQZEP4SGW5UA&qid=1699704017&s=merchant-items&sr=1-45
"Brother Genuine DR730 Drum Unit, Up To 12,000 Page Yield",$59.56,B075X6C6WS,https://www.amazon.com/Brother-Genuine-DR730-Seamless-Integration/dp/B075X6C6WS/ref=sr_1_46?m=A3DQZEP4SGW5UA&qid=1699704017&s=merchant-items&sr=1-46
"Hape Beaded Raindrops | Mini Wooden Musical Shake & Rattle Rainmaker Toy, Blue, Model Number: E0328B ,L: 2, W: 2, H: 7.9 inch",$59.56,B011IIJUB2,https://www.amazon.com/Hape-Beaded-Raindrops-Musical-Rainmaker/dp/B011IIJUB2/ref=sr_1_47?m=A3DQZEP4SGW5UA&qid=1699704017&s=merchant-items&sr=1-47
Logitech K350 Wave Ergonomic Keyboard with Unifying Wireless Technology - Black,$59.56,B002MMY4WY,https://www.amazon.com/Logitech-K350-2-4Ghz-Wireless-Keyboard/dp/B002MMY4WY/ref=sr_1_48?m=A3DQZEP4SGW5UA&qid=1699704017&s=merchant-items&sr=1-48
Logitech G513 Carbon LIGHTSYNC RGB Mechanical Gaming Keyboard with GX Brown switches (Tactile),$170.87,B07Z5Q6GJT,https://www.amazon.com/Logitech-Lightsync-Mechanical-Gaming-Keyboard/dp/B07Z5Q6GJT/ref=sr_1_49?m=A3DQZEP4SGW5UA&qid=1699704019&s=merchant-items&sr=1-49
Acer Nitro Gen 2 Wired Gaming Keyboard - RGB Illuminated Keyboard | 100% Anti-Ghosting (N-Key Rollover) | Mechanical Axis | Ergonomic Arc Keycaps | Embedded Multimedia Keys,$170.87,B0BT83HPSL,https://www.amazon.com/Acer-Nitro-Wired-Gaming-Keyboard/dp/B0BT83HPSL/ref=sr_1_50?m=A3DQZEP4SGW5UA&qid=1699704019&s=merchant-items&sr=1-50
Neon Knight NKTWS Low Latency Wireless Bluetooth(R) Gaming Earbuds 300 Hours Standby Waterproof Rated for True Wireless Gaming,$170.87,B0BDMPGSSS,https://www.amazon.com/Neon-Knight-NKTWS-Bluetooth-Waterproof/dp/B0BDMPGSSS/ref=sr_1_51?m=A3DQZEP4SGW5UA&qid=1699704019&s=merchant-items&sr=1-51
"Hyperkin ""Squire"" Premium Controller for Genesis/ MegaRetroN HD",$170.87,B07M8DWCKV,https://www.amazon.com/Hyperkin-Premium-Controller-Genesis-MegaRetroN-sega/dp/B07M8DWCKV/ref=sr_1_52?m=A3DQZEP4SGW5UA&qid=1699704019&s=merchant-items&sr=1-52
"Acer Predator Cestus 335 Gaming Mouse with PixArt 3370 Sensor, Adjustable DPI Settings & 16.8 Million RGB Color Lighting Combinations",$170.87,B09FTZLX9D,https://www.amazon.com/Acer-Predator-Adjustable-Settings-Combinations/dp/B09FTZLX9D/ref=sr_1_53?m=A3DQZEP4SGW5UA&qid=1699704019&s=merchant-items&sr=1-53
Dr. Shrink DS.BCAP DS-BCAP Bottom Cap,$170.87,B004Y7FO7E,https://www.amazon.com/Dr-Shrink-DS-BCAP-Bottom-Cap/dp/B004Y7FO7E/ref=sr_1_54?m=A3DQZEP4SGW5UA&qid=1699704019&s=merchant-items&sr=1-54
"Logitech M325S Mouse, Red",$170.87,B0BGS3ZJCV,https://www.amazon.com/Logitech-M325S-Mouse-Wireless-Red/dp/B0BGS3ZJCV/ref=sr_1_55?m=A3DQZEP4SGW5UA&qid=1699704019&s=merchant-items&sr=1-55
Hyperkin 6 ft. Extension Cable for SNES Classic Edition/ NES Classic Edition/ Wii U/ Wii,$170.87,B01MRHQT5Q,https://www.amazon.com/Hyperkin-Extension-Classic-nintendo-entertainment-system/dp/B01MRHQT5Q/ref=sr_1_56?m=A3DQZEP4SGW5UA&qid=1699704019&s=merchant-items&sr=1-56
"Armor3 ""Nuport"" Wireless BT Adapter for Nintendo Switch/PC Compatible with GameCube/Wii/Super NES Classic Edition/Controllers",$170.87,B07YMHDWKS,https://www.amazon.com/Wireless-Adapter-Nintendo-Compatible-GameCube-Controllers/dp/B07YMHDWKS/ref=sr_1_57?m=A3DQZEP4SGW5UA&qid=1699704019&s=merchant-items&sr=1-57
Tomee Cable Adapter for Xbox 360 Power Supply to Xbox One (Original Model) - Xbox One,$170.87,B08R69G9GZ,https://www.amazon.com/Tomee-Cable-Adapter-Power-Supply-Original/dp/B08R69G9GZ/ref=sr_1_58?m=A3DQZEP4SGW5UA&qid=1699704019&s=merchant-items&sr=1-58
Hyperkin EVA Hard Shell Carrying Case for Nintendo Switch Lite (White/Turquoise),$170.87,B07W9955Z4,https://www.amazon.com/Hyperkin-Shell-Carrying-Nintendo-Switch-Turquoise/dp/B07W9955Z4/ref=sr_1_59?m=A3DQZEP4SGW5UA&qid=1699704019&s=merchant-items&sr=1-59
"N Code 55 10"" Radius Curve (6)",$170.87,B0006O7Q7K,https://www.amazon.com/Code-55-10-Radius-Curve/dp/B0006O7Q7K/ref=sr_1_60?m=A3DQZEP4SGW5UA&qid=1699704019&s=merchant-items&sr=1-60
Adesso iMouse X5 RGB Illuminated Gaming Mouse - Optical - Cable - USB - 6400 dpi - Scroll Wheel - 7 Button(s) - Right-Handed Only,$170.87,B08X3NM48B,https://www.amazon.com/Adesso-iMouse-X5-Illuminated-Gaming/dp/B08X3NM48B/ref=sr_1_61?m=A3DQZEP4SGW5UA&qid=1699704019&s=merchant-items&sr=1-61
"N Code 55 Nickel Silver 18.75"" Radius Full Curve Track (6)",$170.87,B0006O7QK2,https://www.amazon.com/Atlas-Nickel-Silver-18-75-Radius/dp/B0006O7QK2/ref=sr_1_62?m=A3DQZEP4SGW5UA&qid=1699704019&s=merchant-items&sr=1-62
Armor3 Travel Kit for Nintendo Switch Lite,$170.87,B07Y15XFWM,https://www.amazon.com/Armor3-Travel-Kit-Nintendo-Switch-Lite/dp/B07Y15XFWM/ref=sr_1_63?m=A3DQZEP4SGW5UA&qid=1699704019&s=merchant-items&sr=1-63
Dometic SeaStar Cable Clip DS 035531,$170.87,B000N9VG4C,https://www.amazon.com/Dometic-SeaStar-Cable-Clip-035531/dp/B000N9VG4C/ref=sr_1_64?m=A3DQZEP4SGW5UA&qid=1699704019&s=merchant-items&sr=1-64
"Verbatim Charging Stand with 4 x 800mAh Rechargable Battery Packs for use with Xbox Controllers Xbox Series X, Xbox Series S, Xbox One X, Xbox One S",$35.25,B092KSK65R,https://www.amazon.com/Verbatim-Charging-Rechargable-Battery-Controllers/dp/B092KSK65R/ref=sr_1_65?m=A3DQZEP4SGW5UA&qid=1699704021&s=merchant-items&sr=1-65
Supersonic IQ-480G - Green Pro-Wired Gaming Headset with Lights (Green),$35.25,B0932W1TP2,https://www.amazon.com/Supersonic-IQ-480G-Pro-Wired-Gaming-Headset/dp/B0932W1TP2/ref=sr_1_66?m=A3DQZEP4SGW5UA&qid=1699704021&s=merchant-items&sr=1-66
"Bionik BNK-9015 Rapid Charge Kit for Nintendo Switch, Black, Blue/red (DRMBNK9015)",$35.25,B0764VMVCX,https://www.amazon.com/Bionik-Nintendo-Battery-Charger-DRMBNK9015/dp/B0764VMVCX/ref=sr_1_67?m=A3DQZEP4SGW5UA&qid=1699704021&s=merchant-items&sr=1-67
"Taylor Made 93076 Nylon Officer Flag, 12"" x 18"" - Commodore , Blue",$35.25,B0053HR1CK,https://www.amazon.com/Taylor-Made-93076-Nylon-Officer/dp/B0053HR1CK/ref=sr_1_68?m=A3DQZEP4SGW5UA&qid=1699704021&s=merchant-items&sr=1-68
"Adesso RGB Programmable Mechanical Gaming Keyboard with Detachable Magnetic Palmrest, 108 Keys, Black",$35.25,B07ZJPN6F1,https://www.amazon.com/Adesso-EasyTouch-Programmable-Mechanical-Detachable/dp/B07ZJPN6F1/ref=sr_1_69?m=A3DQZEP4SGW5UA&qid=1699704021&s=merchant-items&sr=1-69
"Adesso Xtream G1 - Gaming Headphones with Noise Cancelling Microphone and LED Lighting for PC, PS4, Xbox, Nintendo Switch, and Laptops, Black",$35.25,B07J3YLW4T,https://www.amazon.com/Adesso-Xtream-G1-Headphones-Cancelling/dp/B07J3YLW4T/ref=sr_1_70?m=A3DQZEP4SGW5UA&qid=1699704021&s=merchant-items&sr=1-70
US2 Adapter Cable/MKR-US2-10—Lowrance,$35.25,B00005JD6I,https://www.amazon.com/Atari-1852060-Adapter-Cable-MKR-US2-10-Lowrance/dp/B00005JD6I/ref=sr_1_71?m=A3DQZEP4SGW5UA&qid=1699704021&s=merchant-items&sr=1-71
"VisionTek OCPC MR44 Wired Gaming Mouse, RGB, 16000 DPI, PixArt 3389 Sensor, Programmable Macro Buttons for Windows and Mac - 901541",$35.25,B0BPN4TL7M,https://www.amazon.com/VisionTek-Gaming-Programmable-Buttons-Windows/dp/B0BPN4TL7M/ref=sr_1_72?m=A3DQZEP4SGW5UA&qid=1699704021&s=merchant-items&sr=1-72
"VisionTek OCPC KR1 Wired Premium Mechanical Gaming Keyboard, Per-Key RGB Lighting, Gateron red Linear Switch - 901540",$35.25,B0BPN4DK1M,https://www.amazon.com/VisionTek-Premium-Mechanical-Keyboard-Lighting/dp/B0BPN4DK1M/ref=sr_1_73?m=A3DQZEP4SGW5UA&qid=1699704021&s=merchant-items&sr=1-73
"Mirage Pet Products Paw Blue Rhinestone Bandana, Large, White",$35.25,B0000959D2,https://www.amazon.com/Mirage-Pet-Products-Rhinestone-Bandana/dp/B0000959D2/ref=sr_1_74?m=A3DQZEP4SGW5UA&qid=1699704021&s=merchant-items&sr=1-74
WINEGARD SWMD30 Multi-Switch Kit,$35.25,B07H3FTR7G,https://www.amazon.com/Winegard-Co-SWMD30/dp/B07H3FTR7G/ref=sr_1_75?m=A3DQZEP4SGW5UA&qid=1699704021&s=merchant-items&sr=1-75
Hyperkin EVA Hard Shell Carrying Case for Dualsense (PS5) (White) - PlayStation 5,$35.25,B08W3MW49N,https://www.amazon.com/Hyperkin-Hard-Shell-Carrying-Dualsense-White/dp/B08W3MW49N/ref=sr_1_76?m=A3DQZEP4SGW5UA&qid=1699704021&s=merchant-items&sr=1-76
"Naxa NG-5001A 4-in-One Professional Gaming Combo with Full-Size LED Backlit Keyboard, Wired Mouse, Headphones, and Mouse Pad, Red",$35.25,B09JDHK6RR,https://www.amazon.com/Naxa-Professional-Keyboard44-Headphones-Mousepad44/dp/B09JDHK6RR/ref=sr_1_77?m=A3DQZEP4SGW5UA&qid=1699704021&s=merchant-items&sr=1-77
6-27346914-WM-NK,$35.25,B00X0XBTB8,https://www.amazon.com/CWR-10-6-27346914-WM-NK/dp/B00X0XBTB8/ref=sr_1_78?m=A3DQZEP4SGW5UA&qid=1699704021&s=merchant-items&sr=1-78
Allstar ALL22243 Steel Sheet 4x10 White 24ga,$35.25,B005JUX4JK,https://www.amazon.com/ALLSTAR-PERFORMANCE-22243-Steel-Sheet/dp/B005JUX4JK/ref=sr_1_79?m=A3DQZEP4SGW5UA&qid=1699704021&s=merchant-items&sr=1-79
"Mirage Pet Products Be Thankful for Me Screen Print Pet Hoodies Black, Small",$35.25,B0000AV34D,https://www.amazon.com/Mirage-Pet-Products-Thankful-Hoodies/dp/B0000AV34D/ref=sr_1_80?m=A3DQZEP4SGW5UA&qid=1699704021&s=merchant-items&sr=1-80
"Sharp EL-1801V Ink Printing Calculator, Fluorescent Display, AC, Off-White",$91.32,B000085BB3,https://www.amazon.com/Sharp-EL-1801V-Two-Color-Printing-Calculator/dp/B000085BB3/ref=sr_1_81?m=A3DQZEP4SGW5UA&qid=1699704024&s=merchant-items&sr=1-81
"Canon CL-246 XL Color Ink Cartridge Compatible to printer iP2820, MG2420, MG2924, MG2920, MX492, MG3020, MG2525, TS3120, TS302, TS202, TR4520",$91.32,B00E58RQ14,https://www.amazon.com/Canon-CL-246XL-Cartridge-Compatible-MG3020/dp/B00E58RQ14/ref=sr_1_82?m=A3DQZEP4SGW5UA&qid=1699704024&s=merchant-items&sr=1-82
"Family Pets Wooden Dollhouse Animal Set by Hape | Complete Your Wooden Dolls House with Happy Dog, Cat, Bunny Pet Set with Complimentary Houses and Food Bowls",$91.32,B00712O56A,https://www.amazon.com/Hape-Family-Wooden-House-Animals/dp/B00712O56A/ref=sr_1_83?m=A3DQZEP4SGW5UA&qid=1699704024&s=merchant-items&sr=1-83
"Elite Gourmet EG-6203# Extra Deep 16""x13""x3.2"" (10.5Qt.) Scratch Resistant, Easy Pour Spout Dishwasher Safe, Non-stick Electric Skillet with Glass Vented Lid, Adjustable Temperature, Black",$91.32,B09NPCV3DC,https://www.amazon.com/Elite-Gourmet-Dishwasher-Adjustable-Temperature/dp/B09NPCV3DC/ref=sr_1_84?m=A3DQZEP4SGW5UA&qid=1699704024&s=merchant-items&sr=1-84
"Lodge SCRAPERPK Durable Pan Scrapers, Red and Black, 2-Pack",$91.32,B0039UU9UO,https://www.amazon.com/Lodge-Scrapers-Handheld-Polycarbonate-Cleaners/dp/B0039UU9UO/ref=sr_1_85?m=A3DQZEP4SGW5UA&qid=1699704024&s=merchant-items&sr=1-85
"ExcelSteel Heavy Duty Handles and Self-draining Solid Ring Base Stainless Steel Colander, 5 Qt, Stainless",$91.32,B00555ETXY,https://www.amazon.com/ExcelSteel-5-Quart-Stainless-Steel-Colander/dp/B00555ETXY/ref=sr_1_86?m=A3DQZEP4SGW5UA&qid=1699704024&s=merchant-items&sr=1-86
"Logitech Brio 4K Webcam, Ultra 4K HD Video Calling, Noise-Canceling mic, HD Auto Light Correction, Wide Field of View, Works with Microsoft Teams, Zoom, Google Voice, PC/Mac/Laptop/Macbook/Tablet",$91.32,B01N5UOYC4,https://www.amazon.com/Logitech-Calling-Noise-Canceling-Correction-Microsoft/dp/B01N5UOYC4/ref=sr_1_87?m=A3DQZEP4SGW5UA&qid=1699704024&s=merchant-items&sr=1-87
"Dell USB DVD Drive-DW316 , Black",$91.32,B00VWVZ0V0,https://www.amazon.com/Dell-DW316-USB-DVD-Drive-DW316/dp/B00VWVZ0V0/ref=sr_1_88?m=A3DQZEP4SGW5UA&qid=1699704024&s=merchant-items&sr=1-88
"Brother Genuine Standard Yield Color Ink Cartridges, LC1013PKS, Replacement Color Ink Three Pack, Includes 1 Cartridge Each of Cyan, Magenta & Yellow, Page Yield Upto 300 Pages/Cartridge, LC101",$91.32,B00D5PXSRE,https://www.amazon.com/Brother-Cartridges-LC1013PKS-Replacement-Cartridge/dp/B00D5PXSRE/ref=sr_1_89?m=A3DQZEP4SGW5UA&qid=1699704024&s=merchant-items&sr=1-89
Crucial RAM 8GB DDR4 3200MHz CL22 (or 2933MHz or 2666MHz) Laptop Memory CT8G4SFRA32A,$91.32,B08C4Z69LN,https://www.amazon.com/Crucial-DDR4-Laptop-Memory-CT8G4SFRA32A/dp/B08C4Z69LN/ref=sr_1_90?m=A3DQZEP4SGW5UA&qid=1699704024&s=merchant-items&sr=1-90
"Sliquid H20 Water Based Lube, Natural Lubricant Glycerin Free Personal Lubricants, (8.5 Oz) Clear, Unscented",$91.32,B000C5KATO,https://www.amazon.com/Sliquid-Original-Water-Based-Lubricant/dp/B000C5KATO/ref=sr_1_91?m=A3DQZEP4SGW5UA&qid=1699704024&s=merchant-items&sr=1-91
"Canon PG-260Xl Black Ink Cartridge, Compatible to Printer TR7020, TS6420, and TS5320",$91.32,B07W69W11Z,https://www.amazon.com/Canon-3706C001-PG-260XL-Amr/dp/B07W69W11Z/ref=sr_1_92?m=A3DQZEP4SGW5UA&qid=1699704024&s=merchant-items&sr=1-92
"TP-Link USB to Ethernet Adapter, Foldable USB 3.0 to 10/100/1000 Gigabit Ethernet LAN Network Adapter, Support Windows 10/8.1/8/7/Vista/XP for Desktop Laptop Apple MacBook Linux (UE300)",$91.32,B00YUU3KC6,https://www.amazon.com/TP-Link-Foldable-Gigabit-Ethernet-Compatible/dp/B00YUU3KC6/ref=sr_1_93?m=A3DQZEP4SGW5UA&qid=1699704024&s=merchant-items&sr=1-93
"Elite Gourmet EFD319 Food Dehydrator, 5 BPA-Free 11.4"" Trays Adjustable Temperature Controls, Jerky, Herbs, Fruit, Veggies, Dried Snacks, Black",$91.32,B08BSQZ2LS,https://www.amazon.com/Elite-Gourmet-Dehydrator-BPA-Free-Stackable/dp/B08BSQZ2LS/ref=sr_1_94?m=A3DQZEP4SGW5UA&qid=1699704024&s=merchant-items&sr=1-94
"Canon CL-241 Color Ink Cartridge Compatible to printer MG2120, MG3120, MG4120, MG2220, MG3220, MG4220, MG3520, MG3620, MX472, MX532, TS5120",$91.32,B005WTSEHU,https://www.amazon.com/Canon-CL-241-Cartridge-Compatible-MG3620/dp/B005WTSEHU/ref=sr_1_95?m=A3DQZEP4SGW5UA&qid=1699704024&s=merchant-items&sr=1-95
"SKYN Elite Extra Lube – Ultra-Thin, Lubricated Latex-Free Condoms – Ultra-Silky Lubrication for Maximum Comfort​, 12 Count (Pack of 1)",$91.32,B007ZLL2LS,https://www.amazon.com/Skyn-Extra-Lubricated-Latex-Condoms/dp/B007ZLL2LS/ref=sr_1_96?m=A3DQZEP4SGW5UA&qid=1699704024&s=merchant-items&sr=1-96
"Texas Instruments TI-84 Plus Graphics Calculator, Black",$155.46,B0001EMM0G,https://www.amazon.com/Texas-Instruments-TI-84-Graphics-Calculator/dp/B0001EMM0G/ref=sr_1_97?m=A3DQZEP4SGW5UA&qid=1699704026&s=merchant-items&sr=1-97
"Lasko Oscillating Cyclone Pedestal Fan, Adjustable Height, Timer, Remote Control, 3 Speeds, for Bedroom, Living Room, Home Office, 18"", Black, 1843",$155.46,B001V8Y64Q,https://www.amazon.com/Lasko-1843-Pedestal-Oscillating-Adjustable/dp/B001V8Y64Q/ref=sr_1_98?m=A3DQZEP4SGW5UA&qid=1699704026&s=merchant-items&sr=1-98
"Brother Genuine High Yield Black Ink Cartridge, LC103BK, Replacement Black Ink, Page Yield Up to 600 Pages, Amazon Dash Replenishment Cartridge, LC103, 1 OEM Cartridge",$155.46,B0095ZBUGY,https://www.amazon.com/Brother-Cartridge-LC103BK-Replacement-Replenishment/dp/B0095ZBUGY/ref=sr_1_99?m=A3DQZEP4SGW5UA&qid=1699704026&s=merchant-items&sr=1-99
"Camco Camper/RV Water Pressure Regulator | Protects RV Kitchen Small Appliances, Plumbing & Hoses | Reduces RV Water Pressure to Safe and Consistent 40-50 PSI | Drinking Water Safe (40055)",$155.46,B003BZD08U,https://www.amazon.com/Camco-Pressure-Regulator-High-Pressure-40055/dp/B003BZD08U/ref=sr_1_100?m=A3DQZEP4SGW5UA&qid=1699704026&s=merchant-items&sr=1-100
"Trojan Lubricants Arouses and Releases, 3 Fluid Ounce",$155.46,B00HX50VPE,https://www.amazon.com/Trojan-Lubricants-Arouses-Releases-Oz/dp/B00HX50VPE/ref=sr_1_101?m=A3DQZEP4SGW5UA&qid=1699704026&s=merchant-items&sr=1-101
"Chattanooga ColPac - Reusable Gel Ice Pack - Black Polyurethane - Oversize - 12.5 in x 18.5 in - Cold Therapy - Knee, Arm, Elbow, Shoulder, Back - Aches, Swelling, Bruises, Sprains, Inflammation",$155.46,B000QFZRNE,https://www.amazon.com/Chattanooga-Reusable-Hamstring-Shoulder-Inflammation/dp/B000QFZRNE/ref=sr_1_102?m=A3DQZEP4SGW5UA&qid=1699704026&s=merchant-items&sr=1-102
"Canon CLI-281 XL BKCMY Four Color Value Pack Compatible to TR8520, TR7520, TS9120 Series,TS8120 Series, TS6120 Series, TS9521C, TS9520, TS8220 Series, TS6220 Series",$155.46,B0101SHTSG,https://www.amazon.com/Canon-CLI-281-Black-Magenta-Yellow/dp/B0101SHTSG/ref=sr_1_103?m=A3DQZEP4SGW5UA&qid=1699704026&s=merchant-items&sr=1-103
"Meguiar's Water Magnet Microfiber Drying Towel - Premium Car Drying Towel That's Super Plush, Water Absorbent & Scratch-Free - 1 Pack",$155.46,B0009IQZFM,https://www.amazon.com/Meguiars-X2000-Magnet-Microfiber-Drying/dp/B0009IQZFM/ref=sr_1_104?m=A3DQZEP4SGW5UA&qid=1699704026&s=merchant-items&sr=1-104
"Canon P23-DHV-3 Printing Calculator with Double Check Function, Tax Calculation and Currency Conversion",$155.46,B0746VB8D9,https://www.amazon.com/Canon-P23-DHV-3-Calculator-Calculation-Conversion/dp/B0746VB8D9/ref=sr_1_105?m=A3DQZEP4SGW5UA&qid=1699704026&s=merchant-items&sr=1-105
"Canon PGI-280XL PGBK Compatible To TR7520,TR8520,TR8620,TS6120,TS6220,TS6320,TS702,TS8120,TS8220,TS8320,TS9120,TS9520 Printers",$155.46,B074TQM8X2,https://www.amazon.com/Canon-PGI-280XL-Pigment-Compatible-Printers/dp/B074TQM8X2/ref=sr_1_106?m=A3DQZEP4SGW5UA&qid=1699704026&s=merchant-items&sr=1-106
"Honeywell HEPA Air Purifier Filter R, 1-Pack for HPA 100/200/300 and 5000 Series - Airborne Allergen Air Filter Targets Wildfire/Smoke, Pollen, Pet Dander, and Dust",$155.46,B00BWYNZV4,https://www.amazon.com/Honeywell-True-HEPA-Replacement-Filter/dp/B00BWYNZV4/ref=sr_1_107?m=A3DQZEP4SGW5UA&qid=1699704026&s=merchant-items&sr=1-107
"Presto 01781 23-Quart Pressure Canner and Cooker, Aluminum",$155.46,B0000BYCFU,https://www.amazon.com/Presto-01781-23-Quart-Pressure-Canner/dp/B0000BYCFU/ref=sr_1_108?m=A3DQZEP4SGW5UA&qid=1699704026&s=merchant-items&sr=1-108
"Lenovo Laptop Backpack B210, 15.6-Inch Laptop/Tablet, Durable, Water-Repellent, Lightweight, Clean Design, Sleek for Travel, Business Casual or College, GX40Q17225, Black",$155.46,B075Y72PHZ,https://www.amazon.com/Lenovo-Backpack-15-6-Inch-Water-Repellent-GX40Q17225/dp/B075Y72PHZ/ref=sr_1_109?m=A3DQZEP4SGW5UA&qid=1699704026&s=merchant-items&sr=1-109
Verbatim CD/DVD Paper Sleeves-with Clear Window 100pk,$155.46,B001GKM1RI,https://www.amazon.com/Verbatim-Paper-Sleeves-Clear-Window/dp/B001GKM1RI/ref=sr_1_110?m=A3DQZEP4SGW5UA&qid=1699704026&s=merchant-items&sr=1-110
"zero-G 4001-50 Lightweight, Ultra Flexible, Durable, Kink-Free Garden Hose, 5/8-Inch by 50-Feet,Black",$155.46,B014M9PEXC,https://www.amazon.com/4001-50-Lightweight-Flexible-Durable-Kink-Free/dp/B014M9PEXC/ref=sr_1_111?m=A3DQZEP4SGW5UA&qid=1699704026&s=merchant-items&sr=1-111
"Thermaltake Smart 500W 80+ White Certified PSU, Continuous Power with 120mm Ultra Quiet Cooling Fan, ATX 12V V2.3/EPS 12V Active PFC Power Supply PS-SPD-0500NPCWUS-W",$155.46,B014W3EM2W,https://www.amazon.com/Thermaltake-Certified-Continuous-cooling-PS-SPD-0500NPCWUS-W/dp/B014W3EM2W/ref=sr_1_112?m=A3DQZEP4SGW5UA&qid=1699704026&s=merchant-items&sr=1-112
"Xbox Core Wireless Controller – Electric Volt – Xbox Series X|S, Xbox One, and Windows Devices",$80.03,B08ZNQN1FP,https://www.amazon.com/Xbox-Wireless-Controller-Electric-Windows-Devices/dp/B08ZNQN1FP/ref=sr_1_113?m=A3DQZEP4SGW5UA&qid=1699704028&s=merchant-items&sr=1-113
"California Car Duster 62442 Standard Car Duster with Wooden Handle,Red",$80.03,B00008RW9U,https://www.amazon.com/California-Car-Duster-62442-Standard/dp/B00008RW9U/ref=sr_1_114?m=A3DQZEP4SGW5UA&qid=1699704028&s=merchant-items&sr=1-114
"Classic Red Rubber Hot Water Bottle, Hot Compress, Pain Relief from Headaches, Cramps, Arthritis, Back Pain, Sore Muscles, Injuries - 2 Quart Capacity",$80.03,B001VJC3ZE,https://www.amazon.com/Relief-Pak-Water-Bottle-Capacity/dp/B001VJC3ZE/ref=sr_1_115?m=A3DQZEP4SGW5UA&qid=1699704028&s=merchant-items&sr=1-115
"Brother LC203BK Innobella High Yield (XL Series) Black Ink Cartridge, 1 Pack",$80.03,B00LGCURK4,https://www.amazon.com/Brother-Cartridge-LC203BK-Replacement-Replenishment/dp/B00LGCURK4/ref=sr_1_116?m=A3DQZEP4SGW5UA&qid=1699704028&s=merchant-items&sr=1-116
"TOTO Transitional SoftClose SS114#01 Elongated Soft Close SEAT, Cotton White",$80.03,B0018LD9GW,https://www.amazon.com/SS114-01-SoftClose-Elongated-Toilet/dp/B0018LD9GW/ref=sr_1_117?m=A3DQZEP4SGW5UA&qid=1699704028&s=merchant-items&sr=1-117
"New Age Pet® ECOFLEX® Albany Outdoor Feral Cat House for Multiple Cats with Quick & Easy Assembly, 2 Vinyl Door Flaps Included, Moisture and Odor Resistant",$80.03,B01JCNF8X4,https://www.amazon.com/New-Age-Pet-ECTH350-Multicolor/dp/B01JCNF8X4/ref=sr_1_118?m=A3DQZEP4SGW5UA&qid=1699704028&s=merchant-items&sr=1-118
12 Qt Electric Pressure Canner,$80.03,B089P2W2N6,https://www.amazon.com/Presto-02144-Digital-Canner-Stainless/dp/B089P2W2N6/ref=sr_1_119?m=A3DQZEP4SGW5UA&qid=1699704028&s=merchant-items&sr=1-119
Texas Instruments TI-34 MultiView Scientific Calculator,$80.03,B001A4G1TY,https://www.amazon.com/Texas-Instruments-34MV-TBL-1L1/dp/B001A4G1TY/ref=sr_1_120?m=A3DQZEP4SGW5UA&qid=1699704028&s=merchant-items&sr=1-120
"TP-Link Nano USB WiFi Adapter for PC(Archer T3U Nano)-AC1300 2.4G/5G Dual Band Wireless Network Transceiver Adapter for Desktop PC, Travel Size, Supports Windows 11,10, 8.1, 8, 7 / up to Mac OS 10.15",$80.03,B09KTDXPY3,https://www.amazon.com/TP-Link-Nano-Archer-T3U-Wireless/dp/B09KTDXPY3/ref=sr_1_121?m=A3DQZEP4SGW5UA&qid=1699704028&s=merchant-items&sr=1-121
"Blackstone 1542 Flat top Griddle Professional Grade Accessory Tool Kit (5 Pieces) 16 oz Bottle, Two Spatulas, Chopper/Scraper and One Cookbook-Perfect for Cooking Indoor or Outdoor, Multicolor",$80.03,B00DYN0474,https://www.amazon.com/Blackstone-1542-Professional-Cookbook-Perfect-Multicolor/dp/B00DYN0474/ref=sr_1_122?m=A3DQZEP4SGW5UA&qid=1699704028&s=merchant-items&sr=1-122
"Presto 08800 EverSharp Electric Knife Sharpener, 2 stage, Black",$80.03,B00006IUWM,https://www.amazon.com/Presto-08800-EverSharp-Electric-Sharpener/dp/B00006IUWM/ref=sr_1_123?m=A3DQZEP4SGW5UA&qid=1699704028&s=merchant-items&sr=1-123
Nylabone Dog Toy Power Chew Dog Toy for Aggressive Chewers - X-Shape Dog Toy - Small - Up to 25 lbs.,$80.03,B01H5080UY,https://www.amazon.com/Nylabone-Power-Chew-Dura-Flavored/dp/B01H5080UY/ref=sr_1_124?m=A3DQZEP4SGW5UA&qid=1699704028&s=merchant-items&sr=1-124
TP-Link ER605 V2 Wired Gigabit VPN Router | Up to 3 WAN Ethernet Ports + 1 USB WAN | SPI Firewall SMB Router | Omada SDN Integrated | Load Balance | Lightning Protection,$80.03,B08QTXNWZ1,https://www.amazon.com/TP-Link-Integrated-Lightening-Protection-TL-R605/dp/B08QTXNWZ1/ref=sr_1_125?m=A3DQZEP4SGW5UA&qid=1699704028&s=merchant-items&sr=1-125
"Invisible Glass 99031 Reach and Clean Tool Combo Kit with Windshield Wand Cleaning Tool for Those Hard-to-Reach Places and Invisible Glass Premium Glass and Window Cleaner for Auto and Home , Yellow",$80.03,B01C6PE73C,https://www.amazon.com/Invisible-Glass-99031-Reach-Reach/dp/B01C6PE73C/ref=sr_1_126?m=A3DQZEP4SGW5UA&qid=1699704028&s=merchant-items&sr=1-126
"Brother DR-820 Genuine-Drum Unit, Seamless Integration, Yields Up to 30,000 Pages, Black",$80.03,B01ARMJWT0,https://www.amazon.com/Brother-Genuine-DR820-Seamless-Integration/dp/B01ARMJWT0/ref=sr_1_127?m=A3DQZEP4SGW5UA&qid=1699704028&s=merchant-items&sr=1-127
Complete Color Coded Flash Cards for All Beginning Music Students,$80.03,0739015575,https://www.amazon.com/Complete-Color-Coded-Beginning-Students/dp/0739015575/ref=sr_1_128?m=A3DQZEP4SGW5UA&qid=1699704028&s=merchant-items&sr=1-128
Bulldog Cases Satchel Style Purse with Holster,$75.99,B00SMDV2L8,https://www.amazon.com/Bulldog-Cases-Satchel-Holster-Chestnut/dp/B00SMDV2L8/ref=sr_1_129?m=A3DQZEP4SGW5UA&qid=1699704031&s=merchant-items&sr=1-129
PAC SNI-15 Speaker Level to Preamp Adapter,$75.99,B000K50HJY,https://www.amazon.com/PAC-SNI-15-Speaker-Preamp-Adapter/dp/B000K50HJY/ref=sr_1_130?m=A3DQZEP4SGW5UA&qid=1699704031&s=merchant-items&sr=1-130
RaceQuip Basic Race Gloves 350 Series 1 Layer Nomex Non SFI Black Large 350005,$75.99,B004QMH0RY,https://www.amazon.com/RaceQuip-350005-Single-Driving-Gloves/dp/B004QMH0RY/ref=sr_1_131?m=A3DQZEP4SGW5UA&qid=1699704031&s=merchant-items&sr=1-131
"Tripp Lite 750W Compact Portable Power Inverter for Cars, Car Outlet Adapter with 2 AC 1 USB Outlets (PINV750)",$75.99,B07NH5YWHQ,https://www.amazon.com/Tripp-Lite-Portable-Inverter-PINV750/dp/B07NH5YWHQ/ref=sr_1_132?m=A3DQZEP4SGW5UA&qid=1699704031&s=merchant-items&sr=1-132
Case Logic Laptop Bags,$75.99,B007AB92DI,https://www.amazon.com/Case-Logic-15-6-Inch-Attache-VNAI-215/dp/B007AB92DI/ref=sr_1_133?m=A3DQZEP4SGW5UA&qid=1699704031&s=merchant-items&sr=1-133
"Mobile Edge Alienware Area-51m Laptop Messenger Bag - Fits laptops 15 Inches to 17.1 Inches - Tactical Messenger Bag for Men & Women with Padded Laptop & Tablet compartments - Heather Gray, AWA51MB17",$75.99,B07QB9PY9Z,https://www.amazon.com/Mobile-Edge-Alienware-Area-51m-Messenger/dp/B07QB9PY9Z/ref=sr_1_134?m=A3DQZEP4SGW5UA&qid=1699704031&s=merchant-items&sr=1-134
"Pyramid Universal Compact Bench Power Supply - 6 Amp Linear Regulated Home Lab Benchtop AC-to-DC 12V Converter w/ 13.8 Volt DC 115V AC 100 Watt Power Input, Screw Type Terminals - Pyramid PS8KX",$75.99,B000A896GG,https://www.amazon.com/Universal-Compact-Bench-Power-Supply/dp/B000A896GG/ref=sr_1_135?m=A3DQZEP4SGW5UA&qid=1699704031&s=merchant-items&sr=1-135
"Tripp Lite 1000W Compact Portable Power Inverter for Cars, Car Outlet Adapter with 2 AC 1 USB Outlets (PINV1000)",$75.99,B07NH6R1T5,https://www.amazon.com/Tripp-Lite-Portable-Inverter-PINV1000/dp/B07NH6R1T5/ref=sr_1_136?m=A3DQZEP4SGW5UA&qid=1699704031&s=merchant-items&sr=1-136
PAC LP7-2R L.O.C. PRO Series 2-Channel Line Output Converter with Remote Turn On,$75.99,B00KXJY0Q8,https://www.amazon.com/PAC-LP7-2R-2-Channel-Output-Converter/dp/B00KXJY0Q8/ref=sr_1_137?m=A3DQZEP4SGW5UA&qid=1699704031&s=merchant-items&sr=1-137
"Inv/Chgr, Freedom XC PRO, 2000W, Marine",$75.99,B097QBN8LC,https://www.amazon.com/Inv-Chgr-Freedom-2000W-Marine/dp/B097QBN8LC/ref=sr_1_138?m=A3DQZEP4SGW5UA&qid=1699704031&s=merchant-items&sr=1-138
Elegant Moments Women's Fishnet Suspender Pantyhose Plus Size,$75.99,B002POICQI,https://www.amazon.com/FISHNET-SUSPENDER-PANTYHOSE-QUEEN-BLACK/dp/B002POICQI/ref=sr_1_139?m=A3DQZEP4SGW5UA&qid=1699704031&s=merchant-items&sr=1-139
"Seward Trunk Footlocker Trunk with Nickel Trim, Black, 30-Inch (SWD7130-10)",$75.99,B00VF4NRHI,https://www.amazon.com/Seward-Trunk-Footlocker-30-Inch-SWD7130-10/dp/B00VF4NRHI/ref=sr_1_140?m=A3DQZEP4SGW5UA&qid=1699704031&s=merchant-items&sr=1-140
PAC LP3-2 L.O.C. PRO Series 2-Channel Line Output Converter,$75.99,B00DHUA4YW,https://www.amazon.com/PAC-LP3-2-2-Channel-Output-Converter/dp/B00DHUA4YW/ref=sr_1_141?m=A3DQZEP4SGW5UA&qid=1699704031&s=merchant-items&sr=1-141
Cummins Unisex Hoodie Black Fleece Sweatshirt CMN4794 - XL,$75.99,B0BFSS2V8H,https://www.amazon.com/Cummins-Sweatshirt-Comfortable-Percent-CMN4794/dp/B0BFSS2V8H/ref=sr_1_142?m=A3DQZEP4SGW5UA&qid=1699704031&s=merchant-items&sr=1-142
"Case Logic Key Laptop Backpack, Classic, Black",$75.99,B087RSV5QP,https://www.amazon.com/Case-Logic-Traditional-Backpacks-Classic/dp/B087RSV5QP/ref=sr_1_143?m=A3DQZEP4SGW5UA&qid=1699704031&s=merchant-items&sr=1-143
Lewmar 589842: Legacy Converter Molex,$75.99,B07YCB5T1S,https://www.amazon.com/Lewmar-589842-Black-Box-Converter/dp/B07YCB5T1S/ref=sr_1_144?m=A3DQZEP4SGW5UA&qid=1699704031&s=merchant-items&sr=1-144
Phoenix Pro Style Boxing Kickboxing Muay Thai MMA Training Gym Clothing Shorts Trunks Orange Large - Elastic Polyester Satin,$29.99,B0778DVCJ3,https://www.amazon.com/Amber-Fight-Gear-Phoenix-Boxing/dp/B0778DVCJ3/ref=sr_1_145?m=A3DQZEP4SGW5UA&qid=1699704037&s=merchant-items&sr=1-145
"Isotoner Therapeutic Compression Fingerless Gloves, Large, Camel Tan",$29.99,B08P5DN7FR,https://www.amazon.com/Isotoner-Therapeutic-Compression-Fingerless-Gloves/dp/B08P5DN7FR/ref=sr_1_146?m=A3DQZEP4SGW5UA&qid=1699704037&s=merchant-items&sr=1-146
"Case Logic Advantage 11.6"" Attaché-Black",$29.99,B07L46PN1Z,https://www.amazon.com/Case-Logic-Advantage-11-6-Attach%C3%A9-Black/dp/B07L46PN1Z/ref=sr_1_147?m=A3DQZEP4SGW5UA&qid=1699704037&s=merchant-items&sr=1-147
Samlex America SDC-23 20 Amp 24v DC to 12v DC Converter,$29.99,B0002D6KO0,https://www.amazon.com/Samlex-America-SDC-23-Amp-Converter/dp/B0002D6KO0/ref=sr_1_148?m=A3DQZEP4SGW5UA&qid=1699704037&s=merchant-items&sr=1-148
"Manhattan Laptop Shoulder Bag Carrying Case – Slim Briefcase Style, Clamshell Opening, Padded Compartments–3 Yr Mfg Warranty",$29.99,B0BT29GJTW,https://www.amazon.com/MANHATTAN-17-3-Inch-Laptop-Shoulder-Carrying/dp/B0BT29GJTW/ref=sr_1_149?m=A3DQZEP4SGW5UA&qid=1699704037&s=merchant-items&sr=1-149
"Splints Adjustable Boot with Strap: Adult, Dark Blue, Headliner",$29.99,B07BFB12FW,https://www.amazon.com/Comfy-Splints-Adjustable-Boot-Strap/dp/B07BFB12FW/ref=sr_1_150?m=A3DQZEP4SGW5UA&qid=1699704037&s=merchant-items&sr=1-150
"RoadPro SPC-931R 17.5"" x 4"" x 13"" Silver Aluminum Briefcase,Medium",$29.99,B001DEPOLC,https://www.amazon.com/RoadPro-SPC-931R-Silver-Aluminum-Briefcase/dp/B001DEPOLC/ref=sr_1_151?m=A3DQZEP4SGW5UA&qid=1699704037&s=merchant-items&sr=1-151
"Left Coast Running Belt for Women – Original USA Designed 5"" Spandex Hip Band with Zippered & Smartphone Pockets",$29.99,B00FA5MO90,https://www.amazon.com/Hips-sister-Spandex-Zippered-Smartphone-Pockets/dp/B00FA5MO90/ref=sr_1_152?m=A3DQZEP4SGW5UA&qid=1699704037&s=merchant-items&sr=1-152
Women's Opaque Burnout Teddy with Matching Stockings,$29.99,B00GR4RVGO,https://www.amazon.com/Elegant-Moments-Burnout-Matching-Stockings/dp/B00GR4RVGO/ref=sr_1_153?m=A3DQZEP4SGW5UA&qid=1699704037&s=merchant-items&sr=1-153
"Case Logic Era Laptop Backpack, Fits Devices Up to 15.6"", Polyester, 9.1 x 11 x 16.9, Gray",$29.99,B086R3FQT7,https://www.amazon.com/Case-Logic-Era-Backpack-Obsidian/dp/B086R3FQT7/ref=sr_1_154?m=A3DQZEP4SGW5UA&qid=1699704037&s=merchant-items&sr=1-154
"EagleEmblems Marine Cap, Black, Adjustable",$29.99,B00SU0HXSE,https://www.amazon.com/EagleEmblems-Marine-Cap-Black-Adjustable/dp/B00SU0HXSE/ref=sr_1_155?m=A3DQZEP4SGW5UA&qid=1699704037&s=merchant-items&sr=1-155
"Coquette Women's Rhinestone Star Pasties, Metallic, One Size",$29.99,B08RLXDPXM,https://www.amazon.com/Coquette-Womens-Rhinestone-Pasties-Metallic/dp/B08RLXDPXM/ref=sr_1_156?m=A3DQZEP4SGW5UA&qid=1699704037&s=merchant-items&sr=1-156
Empire Waist Laced Sheer Long Dress & Panty Midnight Navy QN,$29.99,B0BS65L55S,https://www.amazon.com/Empire-Waist-Laced-Sheer-Midnight/dp/B0BS65L55S/ref=sr_1_157?m=A3DQZEP4SGW5UA&qid=1699704037&s=merchant-items&sr=1-157
Replacement Safety Ratchet,$29.99,B0000BYSVG,https://www.amazon.com/BSN-MTRT5XXX-Tennis-Post-Green/dp/B0000BYSVG/ref=sr_1_158?m=A3DQZEP4SGW5UA&qid=1699704037&s=merchant-items&sr=1-158
ACME Tammy Wooden 4-Drawer Jewelry Armoire with Lift Top Mirror in Gold,$29.99,B01MTJ1DSV,https://www.amazon.com/Acme-Furniture-97169-Jewelry-Armoire/dp/B01MTJ1DSV/ref=sr_1_159?m=A3DQZEP4SGW5UA&qid=1699704037&s=merchant-items&sr=1-159
Smiffys Fever Women's Lola Wig,$29.99,B00DY9F7EI,https://www.amazon.com/Smiffys-42489-Fever-Lola-Wig/dp/B00DY9F7EI/ref=sr_1_160?m=A3DQZEP4SGW5UA&qid=1699704037&s=merchant-items&sr=1-160
"Extreme Max 3006.7359 Dry Tech Duffel Bag - 101 Liter, Yellow",$49.65,B01DQV4E60,https://www.amazon.com/Extreme-Max-3006-7359-Water-Repellent-Zippered/dp/B01DQV4E60/ref=sr_1_161?m=A3DQZEP4SGW5UA&qid=1699704042&s=merchant-items&sr=1-161
"FabLife 86-0360 Shoehorn, Metal, 24""",$49.65,B00NBEW7YY,https://www.amazon.com/FabLife-86-0360-Shoehorn-Metal-24/dp/B00NBEW7YY/ref=sr_1_162?m=A3DQZEP4SGW5UA&qid=1699704042&s=merchant-items&sr=1-162
Lace Halter Mini Dress,$49.65,B001MXKKGS,https://www.amazon.com/Elegant-Moments-Womens-Halter-Dress/dp/B001MXKKGS/ref=sr_1_163?m=A3DQZEP4SGW5UA&qid=1699704042&s=merchant-items&sr=1-163
"Cat® CAT012215L Spandex Back Gloves – Yellow/Black, Large, Padded Synthetic Leather Palm Gloves with Mesh Upper Back",$49.65,B0052QOLUM,https://www.amazon.com/CATERPILLAR-CAT012215L-Polyurethane-protection-Adjustable/dp/B0052QOLUM/ref=sr_1_164?m=A3DQZEP4SGW5UA&qid=1699704042&s=merchant-items&sr=1-164
"Fever Women's Long Curly Wig with Bangs, 26” Inches",$49.65,B00DY9ELB8,https://www.amazon.com/Fever-Womens-Brown-Curls-26inch/dp/B00DY9ELB8/ref=sr_1_165?m=A3DQZEP4SGW5UA&qid=1699704042&s=merchant-items&sr=1-165
Standard Unisex Classic Long Sleeve Sweatshirt,$49.65,B0BGQG8K1C,https://www.amazon.com/Cummins-Standard-Unisex-Classic-Sweatshirt/dp/B0BGQG8K1C/ref=sr_1_166?m=A3DQZEP4SGW5UA&qid=1699704042&s=merchant-items&sr=1-166
"Cummins Men's Standard Short Sleeve T-Shirt, Black, Extra Large",$49.65,B0B7DD31H3,https://www.amazon.com/Cummins-Standard-Short-Sleeve-T-Shirt/dp/B0B7DD31H3/ref=sr_1_167?m=A3DQZEP4SGW5UA&qid=1699704042&s=merchant-items&sr=1-167
"The Cuff Deluxe Ankle and Wrist Weight, 7 Piece Set",$49.65,B009R2W8UW,https://www.amazon.com/Cuff-Piece-Deluxe-Functional-Set/dp/B009R2W8UW/ref=sr_1_168?m=A3DQZEP4SGW5UA&qid=1699704042&s=merchant-items&sr=1-168
Men's Sweatshirt Black Zipper Hoodie,$49.65,B0BG6FLD32,https://www.amazon.com/Cummins-Unisex-Classic-Sleeve-Hoodie/dp/B0BG6FLD32/ref=sr_1_169?m=A3DQZEP4SGW5UA&qid=1699704042&s=merchant-items&sr=1-169
"Cat® CAT012213J Neoprene Mechanic Gloves – Jumbo, Water-Resistant Padded Clarino Palm Gloves with Curved Fingers, Silicone Finger Grips",$49.65,B001KX1MJE,https://www.amazon.com/CAT012213J-Neoprene-Mechanic-Water-Resistant-Silicone/dp/B001KX1MJE/ref=sr_1_170?m=A3DQZEP4SGW5UA&qid=1699704042&s=merchant-items&sr=1-170
"Case Logic Notion 17.3"" Laptop Backpack, Black",$49.65,B07ZJR28GW,https://www.amazon.com/Case-Logic-3204202-Notion-Backpack/dp/B07ZJR28GW/ref=sr_1_171?m=A3DQZEP4SGW5UA&qid=1699704042&s=merchant-items&sr=1-171
SC200916BKM Black Cowboy Boots with Buckle for Western Style or Motorcycle Look Medium,$49.65,B0BMMB7LCR,https://www.amazon.com/Searchers-SC200916BKM-Cowboy-Western-Motorcycle/dp/B0BMMB7LCR/ref=sr_1_172?m=A3DQZEP4SGW5UA&qid=1699704042&s=merchant-items&sr=1-172
"JYFSP11 Tactical Sling Bag with Heavy Duty Shoulder Strap Handbag, 13-Inch Shoulder Bag, Black",$49.65,B099XC5JD8,https://www.amazon.com/Scipio-Tactical-Black-Sling-Shoulder/dp/B099XC5JD8/ref=sr_1_173?m=A3DQZEP4SGW5UA&qid=1699704042&s=merchant-items&sr=1-173
Panda Sequin Backpack for Girls - Panda Backpack with 2 Way Sequins,$49.65,B07VLNN2B7,https://www.amazon.com/Panda-Sequin-Backpack-Girls-Sequins/dp/B07VLNN2B7/ref=sr_1_174?m=A3DQZEP4SGW5UA&qid=1699704042&s=merchant-items&sr=1-174
"EagleEmblems Don't Tread On Me Cap, Black, Adjustable",$49.65,B06XZL1M35,https://www.amazon.com/EagleEmblems-Dont-Tread-Black-Adjustable/dp/B06XZL1M35/ref=sr_1_175?m=A3DQZEP4SGW5UA&qid=1699704042&s=merchant-items&sr=1-175
"CORE Gaming Tactical Laptop Backpack 17.3"" (17.3 inches; MECGBT; Mobile Edge) - Black",$49.65,B0002QWU4Q,https://www.amazon.com/Mobile-Edge-MEASL1-Signal-Locator/dp/B0002QWU4Q/ref=sr_1_176?m=A3DQZEP4SGW5UA&qid=1699704042&s=merchant-items&sr=1-176
"EPSON 312 Claria Photo HD Ink High Capacity Black Cartridge (T312XL120-S) Works with Expression Photo XP-8500, XP-8600, XP-8700, XP-15000",$36.61,B074R1VWCW,https://www.amazon.com/Epson-T312XL120-Claria-Capacity-Cartridge/dp/B074R1VWCW/ref=sr_1_177?m=A3DQZEP4SGW5UA&qid=1699704047&s=merchant-items&sr=1-177
"303 Aerospace Protectant – UV Protection – Repels Dust, Dirt, & Staining – Smooth Matte Finish – Restores Like-New Appearance – 128 Fl. Oz. (30320)",$36.61,B00L4TF32G,https://www.amazon.com/303-30320-Protectant-Plastic-Fiberglass/dp/B00L4TF32G/ref=sr_1_178?m=A3DQZEP4SGW5UA&qid=1699704047&s=merchant-items&sr=1-178
"ViewSonic VA1655 15.6 Inch 1080p Portable IPS Monitor with a Built-in Stand, Mobile Ergonomics, USB C, Mini HDMI and Protective Case for Home and Office,Black",$36.61,B09237LL5Q,https://www.amazon.com/ViewSonic-VA1655-Portable-Ergonomics-Protective/dp/B09237LL5Q/ref=sr_1_179?m=A3DQZEP4SGW5UA&qid=1699704047&s=merchant-items&sr=1-179
"EPSON 542 EcoTank Ink Ultra-high Capacity Bottle Black (T542120-S) Works with EcoTank Pro ET-5150, ET-5170, ET-5180, ET-5800, ET-5850, ET-5880, ET-16600, ET-16650",$36.61,B084WYGJ9W,https://www.amazon.com/Epson-EcoTank-542-Ink-T542120-S/dp/B084WYGJ9W/ref=sr_1_180?m=A3DQZEP4SGW5UA&qid=1699704047&s=merchant-items&sr=1-180
Fujifilm Instax Square Twin Pack Film - 20 Exposures,$36.61,B07CVL53HB,https://www.amazon.com/Fujifilm-Instax-Square-Twin-Pack/dp/B07CVL53HB/ref=sr_1_181?m=A3DQZEP4SGW5UA&qid=1699704047&s=merchant-items&sr=1-181
Lucas Oil 10043 SAE 80W-90 Heavy Duty Gear Oil - 1 Quart,$36.61,B0007ZFTOA,https://www.amazon.com/Lucas-10043-80W-90-Heavy-Duty/dp/B0007ZFTOA/ref=sr_1_182?m=A3DQZEP4SGW5UA&qid=1699704047&s=merchant-items&sr=1-182
"SanDisk 256GB Ultra microSDXC UHS-I Memory Card with Adapter - 120MB/s, C10, U1, Full HD, A1, Micro SD Card - SDSQUA4-256G-GN6MA",$36.61,B08GY8NHF2,https://www.amazon.com/SanDisk-256GB-MicroSDXC-Memory-Adapter/dp/B08GY8NHF2/ref=sr_1_183?m=A3DQZEP4SGW5UA&qid=1699704047&s=merchant-items&sr=1-183
"Panasonic BK-4MCCA4BA eneloop AAA 2100 Cycle Ni-MH Pre-Charged Rechargeable Batteries, 4-Battery Pack",$36.61,B00JHKSMJK,https://www.amazon.com/Panasonic-BK-4MCCA4BA-eneloop-Pre-Charged-Rechargeable/dp/B00JHKSMJK/ref=sr_1_184?m=A3DQZEP4SGW5UA&qid=1699704047&s=merchant-items&sr=1-184
Crucial RAM 32GB Kit (2x16GB) DDR4 3200MHz CL22 (or 2933MHz or 2666MHz) Desktop Memory CT2K16G4DFRA32A,$36.61,B08C4LXXCJ,https://www.amazon.com/Crucial-2x16GB-Desktop-Memory-CT2K16G4DFRA32A/dp/B08C4LXXCJ/ref=sr_1_185?m=A3DQZEP4SGW5UA&qid=1699704047&s=merchant-items&sr=1-185
"TP-Link EAP225-Outdoor | Omada AC1200 Wireless Gigabit Outdoor Access Point | Business WiFi Solution w/ Mesh Support, Seamless Roaming & MU-MIMO | PoE Powered | SDN Integrated | Cloud Access & App",$36.61,B07953S2FD,https://www.amazon.com/TP-Link-Wireless-MU-MIMO-Gigabit-EAP225-Outdoor/dp/B07953S2FD/ref=sr_1_186?m=A3DQZEP4SGW5UA&qid=1699704047&s=merchant-items&sr=1-186
"Lenovo Laptop Shoulder Bag T210, Fits up to 17-inch laptop or tablet, Sleek Design, Durable and Water-Repellent Fabric",$36.61,B075Y73SDV,https://www.amazon.com/Lenovo-Carrying-15-6-Inch-Water-Repellent-GX40Q17231/dp/B075Y73SDV/ref=sr_1_187?m=A3DQZEP4SGW5UA&qid=1699704047&s=merchant-items&sr=1-187
"APC UPS 1500VA Sine Wave UPS Battery Backup, BR1500MS2 Backup Battery Power Supply, AVR, 10 Outlets, (2) USB Charger Ports",$36.61,B08GRY1W93,https://www.amazon.com/APC-Protector-BR1500MS2-Back-UPS-Uninterruptible/dp/B08GRY1W93/ref=sr_1_188?m=A3DQZEP4SGW5UA&qid=1699704047&s=merchant-items&sr=1-188
Fujifilm Instax Mini 12 Instant Camera - Clay White,$36.61,B0BWNYBRNL,https://www.amazon.com/Fujifilm-Instax-Mini-Instant-Camera/dp/B0BWNYBRNL/ref=sr_1_189?m=A3DQZEP4SGW5UA&qid=1699704047&s=merchant-items&sr=1-189
"Brother Genuine-Drum DR630, Page Yields Approximately 12,000 Pages, Black",$36.61,B00LJZQNYC,https://www.amazon.com/Brother-Genuine-DR630-Seamless-Integration/dp/B00LJZQNYC/ref=sr_1_190?m=A3DQZEP4SGW5UA&qid=1699704047&s=merchant-items&sr=1-190
"Presto 08810 Professional Electric Knife Sharpener, Multi/None",$36.61,B000TYBWJ0,https://www.amazon.com/Presto-08810-Professional-Electric-Sharpener/dp/B000TYBWJ0/ref=sr_1_191?m=A3DQZEP4SGW5UA&qid=1699704047&s=merchant-items&sr=1-191
"Petrodex Toothpaste for Dogs and Puppies, Cleans Teeth and Fights Bad Breath, Reduces Plaque and Tartar Formation, Enzymatic Toothpaste, Peanut Flavor, 2.5oz",$36.61,B007BU73PC,https://www.amazon.com/Petrodex-Natural-Toothpaste-Dog-Peanut/dp/B007BU73PC/ref=sr_1_192?m=A3DQZEP4SGW5UA&qid=1699704047&s=merchant-items&sr=1-192
"Aqueon Aquarium Fish Tank Preset Heater For Up To 40 Gallons, 100 Watts",$32.93,B00P9QH5US,https://www.amazon.com/Aqueon-100106252-Preset-Heater-100W/dp/B00P9QH5US/ref=sr_1_193?m=A3DQZEP4SGW5UA&qid=1699704050&s=merchant-items&sr=1-193
"Garmin 010-02038-02 DriveSmart 65, Built-In Voice-Controlled GPS Navigator with 6.95” High-Res Display , Black",$32.93,B07MN61RKT,https://www.amazon.com/Garmin-DriveSmart-Traffic-Hands-Free-Information/dp/B07MN61RKT/ref=sr_1_194?m=A3DQZEP4SGW5UA&qid=1699704050&s=merchant-items&sr=1-194
"K&N Premium Oil Filter: Protects your Engine: Compatible with Select INFINITI/MAZDA/NISSAN/SUBARU Vehicle Models (See Product Description for Full List of Compatible Vehicles), HP-1008",$32.93,B000C4087Y,https://www.amazon.com/HP-1008-Performance-Wrench-Off-Oil-Filter/dp/B000C4087Y/ref=sr_1_195?m=A3DQZEP4SGW5UA&qid=1699704050&s=merchant-items&sr=1-195
"APC UPS Battery Replacement RBC17 for APC Models BE650G1, BE750G, BR700G, BE850M2, BE850G2, BX850M, BE650G, BN600, BN700MC, BN900M, and Select Others",$32.93,B0002QLDLC,https://www.amazon.com/APC-Battery-Replacement-BE650G1-RBC17/dp/B0002QLDLC/ref=sr_1_196?m=A3DQZEP4SGW5UA&qid=1699704050&s=merchant-items&sr=1-196
"Canon CLI-251 BK/CMY 4PK Compatible to MG6320, iP7220, MG5420, MX922, MG7120, MG6420, MG5520, iX6820, iP8720, MG7520, MG6620, MG5620",$32.93,B00ATZ9JZI,https://www.amazon.com/Canon-CLI-251-BK-CMY-4PK/dp/B00ATZ9JZI/ref=sr_1_197?m=A3DQZEP4SGW5UA&qid=1699704050&s=merchant-items&sr=1-197
"Samsill Durable .5 Inch Binder, Made in the USA, Round Ring Customizable Clear View Binder, White, 8 Pack (S88417)",$32.93,B00BL3ESU8,https://www.amazon.com/Samsill-Ring-Durable-View-Binders/dp/B00BL3ESU8/ref=sr_1_198?m=A3DQZEP4SGW5UA&qid=1699704050&s=merchant-items&sr=1-198
"Fluker's Sun Dome Reptile Lamp - Deep Dome Flush Mount Light Fixture,White, 5.5 Inches,Black",$32.93,B003I5QNGY,https://www.amazon.com/Flukers-Mini-Dome-Reptile-Lamp/dp/B003I5QNGY/ref=sr_1_199?m=A3DQZEP4SGW5UA&qid=1699704050&s=merchant-items&sr=1-199
"NETGEAR 5-Port Gigabit Ethernet Unmanaged Switch (GS105NA) - Desktop or Wall Mount, and Limited Lifetime Protection",$32.93,B0000BVYT3,https://www.amazon.com/NETGEAR-Ethernet-Unmanaged-Protection-GS105NA/dp/B0000BVYT3/ref=sr_1_200?m=A3DQZEP4SGW5UA&qid=1699704050&s=merchant-items&sr=1-200
"303 Marine Clear Protective Cleaner - Cleans and Protects Vinyl and Plastics, Provides Superior UV Protection, Prevents Yellowing and Cracking, 32oz (30215) Packaging May Vary",$32.93,B00TUNST10,https://www.amazon.com/303-Superior-UV-Vinyl-Protection/dp/B00TUNST10/ref=sr_1_201?m=A3DQZEP4SGW5UA&qid=1699704050&s=merchant-items&sr=1-201
Presto 07046 Tilt 'n Drain Big Griddle Cool-Touch Electric Griddle,$32.93,B00066XROO,https://www.amazon.com/Presto-07046-Griddle-Cool-Touch-Electric/dp/B00066XROO/ref=sr_1_202?m=A3DQZEP4SGW5UA&qid=1699704050&s=merchant-items&sr=1-202
"Canon PGI-250 PGBK Compatible to iP7220,iP8720,iX6820,MG5420,MG5520/MG6420,MG5620/MG6620,MG6320,MG7120,MG7520,MX922/MX722 Printers",$32.93,B00AH9JVJ0,https://www.amazon.com/Canon-PGI-250-PGBK-Compatible-MG5520/dp/B00AH9JVJ0/ref=sr_1_203?m=A3DQZEP4SGW5UA&qid=1699704050&s=merchant-items&sr=1-203
"DERMA-E Stem Cell Lifting Eye Treatment – Multi Action Firming and Tightening Under Eye and Upper Eyelid Cream - Hydrating and Revitalizing Moisturizer, 0.5oz",$32.93,B00XAJI1AE,https://www.amazon.com/DERMA-Stem-Cell-Lifting-Treatment/dp/B00XAJI1AE/ref=sr_1_204?m=A3DQZEP4SGW5UA&qid=1699704050&s=merchant-items&sr=1-204
"TP-Link AC750 Wireless Portable Nano Travel Router(TL-WR902AC) - Support Multiple Modes,Hotspot/Bridge/Range Extender/Access Point/Client Modes, Dual Band WiFi, 1 USB 2.0 Port",$32.93,B01N5RCZQH,https://www.amazon.com/TP-Link-Wireless-Travel-Router-TL-WR902AC/dp/B01N5RCZQH/ref=sr_1_205?m=A3DQZEP4SGW5UA&qid=1699704050&s=merchant-items&sr=1-205
"Tripp Lite SMART1500LCD 1500VA Smart UPS Battery Back Up, 900W Rack-Mount/Tower, LCD, AVR, USB, DB9, 3 Year Warranty & Dollar 250,000 Insurance Black",$32.93,B000DZRY9C,https://www.amazon.com/Tripp-Lite-Battery-Rack-Mount-SMART1500LCD/dp/B000DZRY9C/ref=sr_1_206?m=A3DQZEP4SGW5UA&qid=1699704050&s=merchant-items&sr=1-206
"Cyber Acoustics USB Speaker Bar (CA-2890) – Stereo USB Powered Speaker, Easily Clamps to Monitor, Convenient Controls",$32.93,B09DJ1ZM5W,https://www.amazon.com/Cyber-Acoustics-USB-Speaker-Bar/dp/B09DJ1ZM5W/ref=sr_1_207?m=A3DQZEP4SGW5UA&qid=1699704050&s=merchant-items&sr=1-207
Seachem StressGuard Slime Coat Protection - Stress and Toxic Ammonia Reducer 500 ml,$32.93,B001F0KX06,https://www.amazon.com/Seachem-116052306-StressGuard-500ml/dp/B001F0KX06/ref=sr_1_208?m=A3DQZEP4SGW5UA&qid=1699704050&s=merchant-items&sr=1-208
"Batman 3D Molded 16 inch Backpack (16 Inch, Blue/Black)",$21.25,B07F3B52CH,https://www.amazon.com/Batman-Molded-inch-Backpack-Black/dp/B07F3B52CH/ref=sr_1_209?m=A3DQZEP4SGW5UA&qid=1699704054&s=merchant-items&sr=1-209
Elegant Moments Women's Cupless Lace Mini Dress-Plus Size,$21.25,B0062TWEF2,https://www.amazon.com/HSL8527Q-Vivace-Collection-Elegant-Moments/dp/B0062TWEF2/ref=sr_1_210?m=A3DQZEP4SGW5UA&qid=1699704054&s=merchant-items&sr=1-210
"Mercury Luggage Garment Bag, Black",$21.25,B08V6MTV1Z,https://www.amazon.com/Mercury-Luggage-Garment-Bag-Black/dp/B08V6MTV1Z/ref=sr_1_211?m=A3DQZEP4SGW5UA&qid=1699704054&s=merchant-items&sr=1-211
"Dad to Be Satin Button 2"" Party Accessory",$21.25,B00AVZV8EQ,https://www.amazon.com/Dad-Satin-Button-Party-Accessory/dp/B00AVZV8EQ/ref=sr_1_212?m=A3DQZEP4SGW5UA&qid=1699704054&s=merchant-items&sr=1-212
"Cummins Men Standard Short Sleeve Pocket Tee, Black",$21.25,B0B7DBYM85,https://www.amazon.com/Cummins-Standard-Short-Sleeve-Pocket/dp/B0B7DBYM85/ref=sr_1_213?m=A3DQZEP4SGW5UA&qid=1699704054&s=merchant-items&sr=1-213
"CTW Home Collection 420195 Tractor Boot Scraper, 10-Inch Width, Cast Iron",$21.25,B08WH4SG2L,https://www.amazon.com/CTW-Home-Collection-420195-Tractor/dp/B08WH4SG2L/ref=sr_1_214?m=A3DQZEP4SGW5UA&qid=1699704054&s=merchant-items&sr=1-214
Mapalé 97 Women Underwear Sexy Lingerie Panties Thong Boyhort Cage Panty Mujer,$21.25,B075WZSMZ8,https://www.amazon.com/97-Underwear-Lingerie-Panties-Boyhort/dp/B075WZSMZ8/ref=sr_1_215?m=A3DQZEP4SGW5UA&qid=1699704054&s=merchant-items&sr=1-215
Pink Lipstick All Night Wrong Dress Black,$21.25,B07MZBJB5T,https://www.amazon.com/Pink-Lipstick-Night-Wrong-Dress/dp/B07MZBJB5T/ref=sr_1_216?m=A3DQZEP4SGW5UA&qid=1699704054&s=merchant-items&sr=1-216
WOOD ROCKET Live Laugh Cum Soft Enamel Adult Keychain,$21.25,B0B5NMK3B6,https://www.amazon.com/WOOD-ROCKET-Laugh-Enamel-Keychain/dp/B0B5NMK3B6/ref=sr_1_217?m=A3DQZEP4SGW5UA&qid=1699704054&s=merchant-items&sr=1-217
Elegant Moments Women's Crochet Long Sleeve Mini Dress with Hood,$21.25,B00D6AJ7TG,https://www.amazon.com/Elegant-Moments-Womens-Crochet-Sleeve/dp/B00D6AJ7TG/ref=sr_1_218?m=A3DQZEP4SGW5UA&qid=1699704054&s=merchant-items&sr=1-218
Male Power 443-277 Hocus Pocus Uplift Bong Thong,$21.25,B0BTQ4F9XQ,https://www.amazon.com/Male-Power-443-277-Uplift-XL/dp/B0BTQ4F9XQ/ref=sr_1_219?m=A3DQZEP4SGW5UA&qid=1699704054&s=merchant-items&sr=1-219
Bambini Boy's Six Pack Pastel Tank Top,$21.25,B01D53G2W8,https://www.amazon.com/bambini-Unisex-6-Pack-Sleeveless-T-Shirts/dp/B01D53G2W8/ref=sr_1_220?m=A3DQZEP4SGW5UA&qid=1699704054&s=merchant-items&sr=1-220
Elegant Moments Women's Opaque Thigh Hi with Satin Bow Plus Size,$21.25,B001MXM0CA,https://www.amazon.com/Elegant-Moments-Womens-Opaque-Thigh/dp/B001MXM0CA/ref=sr_1_221?m=A3DQZEP4SGW5UA&qid=1699704054&s=merchant-items&sr=1-221
Smiffys Fever Women's Sienna Long Feathered Wig with Fringe 26” Inches,$21.25,B00DY9DJU2,https://www.amazon.com/Fever-Womens-Feathered-Cherry-26inch/dp/B00DY9DJU2/ref=sr_1_222?m=A3DQZEP4SGW5UA&qid=1699704054&s=merchant-items&sr=1-222
KITBICGSM11BKBOSB310HDS - Value Kit - Stanley Bostitch B310HDS AntiJam Heavy-Duty Stapler (BOSB310HDS) and BIC Round Stic Ballpoint Stick Pen (BICGSM11BK),$21.25,B00MON7702,https://www.amazon.com/KITBICGSM11BKBOSB310HDS-Heavy-Duty-BOSB310HDS-Ballpoint-BICGSM11BK/dp/B00MON7702/ref=sr_1_223?m=A3DQZEP4SGW5UA&qid=1699704054&s=merchant-items&sr=1-223
Cummins Men's Standard Unisex Classic Long Sleeve Sweatshirt,$21.25,B0BGQGR7W8,https://www.amazon.com/Cummins-Unisex-Crewneck-Sweatshirt-CMN5026-2XL/dp/B0BGQGR7W8/ref=sr_1_224?m=A3DQZEP4SGW5UA&qid=1699704054&s=merchant-items&sr=1-224
"Canon PGI-280 XXL Pigment Black Ink Tank, Compatible to: TS8120, TS6120, TR7520, TR8520, TS9120, TS8120",$45.44,B074TQR73H,https://www.amazon.com/Canon-PGI-280-Pigment-Black-Compatible/dp/B074TQR73H/ref=sr_1_225?m=A3DQZEP4SGW5UA&qid=1699704060&s=merchant-items&sr=1-225
Aqueon QuietFlow E Internal Power Filter Extra Small - 3 Gallon,$45.44,B06XW2B39Z,https://www.amazon.com/Aqueon-Quietflow-Internal-Filter-Gallon/dp/B06XW2B39Z/ref=sr_1_226?m=A3DQZEP4SGW5UA&qid=1699704060&s=merchant-items&sr=1-226
"Bondo Fiberglass Resin Repair Kit, 00420, 0.45 Pint",$45.44,B000BO9NOO,https://www.amazon.com/Fiberglass-Repairing-Resurfacing-Rebuilding-Hardener/dp/B000BO9NOO/ref=sr_1_227?m=A3DQZEP4SGW5UA&qid=1699704060&s=merchant-items&sr=1-227
"4"" WHT DRYER VENT WIDE MOUTH",$45.44,B00314WY0G,https://www.amazon.com/WHT-DRYER-VENT-WIDE-MOUTH/dp/B00314WY0G/ref=sr_1_228?m=A3DQZEP4SGW5UA&qid=1699704060&s=merchant-items&sr=1-228
"Brother Tape, Retail Packaging, 3/8 Inch, Black on White (TZe221)",$45.44,B004I2EDA4,https://www.amazon.com/Brother-Retail-Packaging-Black-TZe221/dp/B004I2EDA4/ref=sr_1_229?m=A3DQZEP4SGW5UA&qid=1699704060&s=merchant-items&sr=1-229
"Hot Shot's Secret Diesel Extreme, 1 Qt (Packaging May Vary) (P040432Z) Amber, 32 Fluid Ounce",$45.44,B00IUGFZJW,https://www.amazon.com/Hot-Shots-Secret-P040432Z-Fluid_Ounces/dp/B00IUGFZJW/ref=sr_1_230?m=A3DQZEP4SGW5UA&qid=1699704060&s=merchant-items&sr=1-230
"MSI B550M PRO-VDH WiFi ProSeries Motherboard (AMD AM4, DDR4, PCIe 4.0, SATA 6Gb/s, M.2, USB 3.2 Gen 1, Wi-Fi, D-SUB/HDMI/DP, Micro-ATX)",$45.44,B089D1YG11,https://www.amazon.com/MSI-B550M-PRO-VDH-ProSeries-Motherboard/dp/B089D1YG11/ref=sr_1_231?m=A3DQZEP4SGW5UA&qid=1699704060&s=merchant-items&sr=1-231
"FIRST ALERT AUTO5 Car Fire Extinguisher, FESA5, UL RATED 5-B:C, Red, 1-Pack",$45.44,B000P0DPGQ,https://www.amazon.com/FIRST-ALERT-AUTO5-Auto5-Auto/dp/B000P0DPGQ/ref=sr_1_232?m=A3DQZEP4SGW5UA&qid=1699704060&s=merchant-items&sr=1-232
Flash Furniture Kathryn 5-Foot Granite White Plastic Folding Training Table,$45.44,B008OTR74Q,https://www.amazon.com/Flash-Furniture-Granite-Training-RB-1860-GG/dp/B008OTR74Q/ref=sr_1_233?m=A3DQZEP4SGW5UA&qid=1699704060&s=merchant-items&sr=1-233
Logitech MK850 Performance Wireless Keyboard and Mouse Combo,$45.44,B01NAVO5PF,https://www.amazon.com/Logitech-MK850-Performance-Wireless-Keyboard/dp/B01NAVO5PF/ref=sr_1_234?m=A3DQZEP4SGW5UA&qid=1699704060&s=merchant-items&sr=1-234
"FRAM Extra Guard CA10242 Replacement Engine Air Filter for Select Ford, Lincoln, Mazda, and Mercury Models, Provides Up to 12 Months or 12,000 Miles Filter Protection",$45.44,B001C97ZVA,https://www.amazon.com/CA10242-Extra-Guard-Panel-Filter/dp/B001C97ZVA/ref=sr_1_235?m=A3DQZEP4SGW5UA&qid=1699704060&s=merchant-items&sr=1-235
"Canon PGI-280 Pigment Black Ink Tank Compatible to printer TR8520, TR7520, TS9120 Series,TS8120 Series, TS6120 Series, TS9521C, TS9520, TS8220 Series, TS6220 Series",$45.44,B074TR3F41,https://www.amazon.com/Canon-PGI-280-Pigment-Compatible-Wireless/dp/B074TR3F41/ref=sr_1_236?m=A3DQZEP4SGW5UA&qid=1699704060&s=merchant-items&sr=1-236
"Durex Condom XXL Longer & Wider Natural Latex Condoms, Extra Wide Fit, 12 Count - Ultra Fine & Lubricated (Packaging May Vary)",$45.44,B086194JZ2,https://www.amazon.com/Condoms-Durex-Natural-12Count-Eligible/dp/B086194JZ2/ref=sr_1_237?m=A3DQZEP4SGW5UA&qid=1699704060&s=merchant-items&sr=1-237
MCGARD 24157 Chrome Cone Seat Wheel Locks (M12 x 1.5 Thread Size) - 4 Locks / 1 Key,$45.44,B000CONU1K,https://www.amazon.com/McGard-24157-Chrome-Wheel-Thread/dp/B000CONU1K/ref=sr_1_238?m=A3DQZEP4SGW5UA&qid=1699704060&s=merchant-items&sr=1-238
"Audio-Technica ATH-M30x Professional Studio Monitor Headphones, Black",$45.44,B00HVLUQW8,https://www.amazon.com/Audio-Technica-ATH-M30x-Professional-Monitor-Headphones/dp/B00HVLUQW8/ref=sr_1_239?m=A3DQZEP4SGW5UA&qid=1699704060&s=merchant-items&sr=1-239
"Canon PGI-1200XL Black Compatible to iB4120,MB2120,MB2720,MB5120,MB5420 Printers",$45.44,B00NUWUHIA,https://www.amazon.com/CanonInk-PGI-1200-XL-Black-Pigment/dp/B00NUWUHIA/ref=sr_1_240?m=A3DQZEP4SGW5UA&qid=1699704060&s=merchant-items&sr=1-240
Elegant Moments Women's Opaque Burn Out Halter Mini Dress,$14.68,B002PONW7W,https://www.amazon.com/Opaque-Burn-Halter-Mini-Dress/dp/B002PONW7W/ref=sr_1_241?m=A3DQZEP4SGW5UA&qid=1699704066&s=merchant-items&sr=1-241
Elegant Moments FISHNET THIGH HI WITH LACE GARTERBELT.,$14.68,B001MXEXG6,https://www.amazon.com/FISHNET-THIGH-HI-LACE-GARTERBELT/dp/B001MXEXG6/ref=sr_1_242?m=A3DQZEP4SGW5UA&qid=1699704066&s=merchant-items&sr=1-242
Mapale 104 Micro Mini Shorts,$14.68,B07RGXQ9YF,https://www.amazon.com/Mapale-Micro-Mini-Shorts-Chambray/dp/B07RGXQ9YF/ref=sr_1_243?m=A3DQZEP4SGW5UA&qid=1699704066&s=merchant-items&sr=1-243
Key Chain WHT Floating Life,$14.68,B005Z3YMDI,https://www.amazon.com/Jim-Buoy-88-Floating-Chain-Orange/dp/B005Z3YMDI/ref=sr_1_244?m=A3DQZEP4SGW5UA&qid=1699704066&s=merchant-items&sr=1-244
Outside Inside 99929 Backpack Checkerboard,$14.68,B081DPMN5P,https://www.amazon.com/Outside-Inside-99929-Backpack-Checkerboard/dp/B081DPMN5P/ref=sr_1_245?m=A3DQZEP4SGW5UA&qid=1699704066&s=merchant-items&sr=1-245
Rene Rofe Women's Hollywood Chemise and G-String Set,$14.68,B008OQTR24,https://www.amazon.com/Rene-Rofe-Hollywood-Chemise-G-String/dp/B008OQTR24/ref=sr_1_246?m=A3DQZEP4SGW5UA&qid=1699704066&s=merchant-items&sr=1-246
"WirthCo 32251 Clip On Spout (With Clip Strip Card Retail Package), 1 Pack, Multi",$14.68,B000CQDRV6,https://www.amazon.com/WirthCo-32251-Spout-Retail-Package/dp/B000CQDRV6/ref=sr_1_247?m=A3DQZEP4SGW5UA&qid=1699704066&s=merchant-items&sr=1-247
Maretron FA-NM-ST Male Mini Straight Field Connector,$14.68,B0043K5AEO,https://www.amazon.com/Maretron-FA-NM-ST-Straight-Field-Connector/dp/B0043K5AEO/ref=sr_1_248?m=A3DQZEP4SGW5UA&qid=1699704066&s=merchant-items&sr=1-248
"Dipsters Disposable Patientwear / Swimwear, Women's Halter Top and Bikini, Medium (12 Pack)",$14.68,B00BRCHC74,https://www.amazon.com/Dipsters-Disposable-Patientwear-Swimwear-Womens/dp/B00BRCHC74/ref=sr_1_249?m=A3DQZEP4SGW5UA&qid=1699704066&s=merchant-items&sr=1-249
"Woodland Scenics Flowering Foliage Bag, Purple/100 sq. in.",$14.68,B000BL8JNS,https://www.amazon.com/Woodland-Scenics-Flowering-Foliage-Inches-Purple/dp/B000BL8JNS/ref=sr_1_250?m=A3DQZEP4SGW5UA&qid=1699704066&s=merchant-items&sr=1-250
Coquette Women's Wet Look Cross Triangle Top with Leg Harness Set,$14.68,B07WZH95F2,https://www.amazon.com/Coquette-Womens-Triangle-Harness-X-Large/dp/B07WZH95F2/ref=sr_1_251?m=A3DQZEP4SGW5UA&qid=1699704066&s=merchant-items&sr=1-251
"Avid Products AE-55 Headset with 3.5mm Plug (Black, Silver)",$14.68,B095HM7LVQ,https://www.amazon.com/AE-55-Headest-Black-Silver/dp/B095HM7LVQ/ref=sr_1_252?m=A3DQZEP4SGW5UA&qid=1699704066&s=merchant-items&sr=1-252
Elegant Moments Women's Long Sleeve Hooded Dress,$14.68,B00JYNGIQ4,https://www.amazon.com/Elegant-Moments-Womens-Sleeve-Hooded/dp/B00JYNGIQ4/ref=sr_1_253?m=A3DQZEP4SGW5UA&qid=1699704066&s=merchant-items&sr=1-253
Bambini 3220 W White Thermal Receiving Blanket 30 x 40 in.,$14.68,B01LX268C9,https://www.amazon.com/Bambini-White-Thermal-Receiving-Blanket44/dp/B01LX268C9/ref=sr_1_254?m=A3DQZEP4SGW5UA&qid=1699704066&s=merchant-items&sr=1-254
"Mercury 20 Inch Value Upright, Black",$14.68,B07BTJJTGB,https://www.amazon.com/Mercury-Inch-Value-Upright-Black/dp/B07BTJJTGB/ref=sr_1_255?m=A3DQZEP4SGW5UA&qid=1699704066&s=merchant-items&sr=1-255
Pink Lipstick Follow Me Keyhole Mini Dress,$14.68,B0935NG6WB,https://www.amazon.com/Pink-Lipstick-Follow-Keyhole-Dress/dp/B0935NG6WB/ref=sr_1_256?m=A3DQZEP4SGW5UA&qid=1699704066&s=merchant-items&sr=1-256
"DERMA E Microdermabrasion Scrub with Dead Sea Salt & Citrus Essential Oils – Facial Exfoliating Scrub Smooths, Revitalizes and Renews – Ideal for Scars and Wrinkles, 2oz",$39.82,B0000CCW1N,https://www.amazon.com/DERMA-Microdermabrasion-Scrub-Dead-Salt/dp/B0000CCW1N/ref=sr_1_257?m=A3DQZEP4SGW5UA&qid=1699704071&s=merchant-items&sr=1-257
"Soothing Touch 304892-06-LE128 Unscented Jojoba Massage Lotion, Arnica Flower, Aloe Vera, Deeply Moisturizing, 1 Gallon",$39.82,B00GYR9090,https://www.amazon.com/Soothing-Touch-Unscented-Jojoba-Massage/dp/B00GYR9090/ref=sr_1_258?m=A3DQZEP4SGW5UA&qid=1699704071&s=merchant-items&sr=1-258
"Brother Genuine LC3033BK, Single Pack Super High-Yield Black INKvestment Tank Ink Cartridge, Page Yield Upto 3,000 Pages, LC3033, Amazon Dash Replenishment Cartridge",$39.82,B07DB1MGKH,https://www.amazon.com/Brother-LC3033BK-High-Yield-INKvestment-Replenishment/dp/B07DB1MGKH/ref=sr_1_259?m=A3DQZEP4SGW5UA&qid=1699704071&s=merchant-items&sr=1-259
"Brother Genuine P-touch M-2312PK Tape, 2 Pack, 1/2"" (0.47"") Wide Standard Non-Laminated Tape, Black on White, Recommended for Home and Indoor Use, 0.47"" x 26.2' (12mm x 8M), 2-Pack, M2312PK, M231",$39.82,B00VXY3PX6,https://www.amazon.com/Brother-M-2312PK-Non-Laminated-Recommended-M2312PK/dp/B00VXY3PX6/ref=sr_1_260?m=A3DQZEP4SGW5UA&qid=1699704071&s=merchant-items&sr=1-260
"Uniden Bearcat BC125AT Handheld Scanner, 500-Alpha-Tagged Channels, Close Call Technology, PC Programable, Aviation, Marine, Railroad, NASCAR, Racing, and Non-Digital Police/Fire/Public Safety.",$39.82,B00772MR0K,https://www.amazon.com/Uniden-BC125AT-Alpha-Tagged-channels-Lightweight/dp/B00772MR0K/ref=sr_1_261?m=A3DQZEP4SGW5UA&qid=1699704071&s=merchant-items&sr=1-261
"EPSON 200 DURABrite Ultra Ink Standard Capacity Black & Color Cartridge Combo Pack (T200120-BCS) Works with WorkForce WF-2520, WF-2530, WF-2540, Expression XP-200, XP-300, XP-310, XP-400, XP-410",$39.82,B00IS76N94,https://www.amazon.com/Epson-DURABrite-Original-Cartridge-T200120-BCS/dp/B00IS76N94/ref=sr_1_262?m=A3DQZEP4SGW5UA&qid=1699704071&s=merchant-items&sr=1-262
"Camco RhinoFLEX Camper/RV Swivel Fitting Wrench Set | Disconnect/Connect Sewer Fittings with Ease | Ergonomic Design & Compatible w/Rhino, Revolution & Easy Slip RV Sewer Hose Fittings | 2-Pk (39758)",$39.82,B00OJHPQSQ,https://www.amazon.com/Camco-39758-Rhinoflex-Fitting-Wrench/dp/B00OJHPQSQ/ref=sr_1_263?m=A3DQZEP4SGW5UA&qid=1699704071&s=merchant-items&sr=1-263
"Canon CL-276 Color Ink Cartridge, Compatible to PIXMA TS3520, TS3522 and TR4720 Printers",$39.82,B08XZQ4ZSN,https://www.amazon.com/Canon-4988C001-CL-276-AMR/dp/B08XZQ4ZSN/ref=sr_1_264?m=A3DQZEP4SGW5UA&qid=1699704071&s=merchant-items&sr=1-264
"HP USB-C Dock G5-8 in 1 Adapter for Both USB-C and Thunderbolt-Enabled Laptops, PCs, & Notebooks - Single Cable for Charging, Networking, or Data Transfers - Great for Secure & Remote Management",$39.82,B08TQPTPCK,https://www.amazon.com/HP-USB-C-Dock-Thunderbolt-Enabled-Networking/dp/B08TQPTPCK/ref=sr_1_265?m=A3DQZEP4SGW5UA&qid=1699704071&s=merchant-items&sr=1-265
"WD_BLACK 2TB P10 Game Drive - Portable External Hard Drive HDD, Compatible with Playstation, Xbox, PC, & Mac - WDBA2W0020BBK-WESN",$39.82,B07VMTNDMK,https://www.amazon.com/WD_Black-Drive-External-Compatible-WDBA2W0020BBK-WESN/dp/B07VMTNDMK/ref=sr_1_266?m=A3DQZEP4SGW5UA&qid=1699704071&s=merchant-items&sr=1-266
"Trojan Bareskin Condoms, Everythin Variety Pack, 10 Count",$39.82,B0B6YNSJB4,https://www.amazon.com/Trojan-Bareskin-Condoms-Everythin-Variety/dp/B0B6YNSJB4/ref=sr_1_267?m=A3DQZEP4SGW5UA&qid=1699704071&s=merchant-items&sr=1-267
"Remington SPF-PF Replacement Head and Cutter Assembly for Model PF7400, PF7500, and PF7600 Foil Shavers",$39.82,B00YYVO6VA,https://www.amazon.com/Remington-SPF-PF-Replacement-Assembly-Shavers/dp/B00YYVO6VA/ref=sr_1_268?m=A3DQZEP4SGW5UA&qid=1699704071&s=merchant-items&sr=1-268
Aqueon QuietFlow LED PRO Ammonia Reducer 4 Count Filter Pads for Model 20 and 75,$39.82,B01MDUIPNK,https://www.amazon.com/Aqueon-Ammonia-Reducing-Specialty-Filter/dp/B01MDUIPNK/ref=sr_1_269?m=A3DQZEP4SGW5UA&qid=1699704071&s=merchant-items&sr=1-269
"HyperX CloudX Stinger Core - Official Licensed for Xbox, Gaming Headset with In-Line Audio Control, Immersive In-Game , Microphone",$39.82,B07KYC1VL7,https://www.amazon.com/HyperX-CloudX-Stinger-Core-HX-HSCSCX-BK/dp/B07KYC1VL7/ref=sr_1_270?m=A3DQZEP4SGW5UA&qid=1699704071&s=merchant-items&sr=1-270
"STAR BRITE Instant Hull Cleaner - 32 Oz Gel Spray - Easily Remove Stains, Scum Lines & Grime on Boat Hulls, Fiberglass, Plastic & Painted Surfaces - Easy to Use Formula (096132)",$39.82,B00Z9N4WC0,https://www.amazon.com/Star-brite-Hull-Cleaner-Spray/dp/B00Z9N4WC0/ref=sr_1_271?m=A3DQZEP4SGW5UA&qid=1699704071&s=merchant-items&sr=1-271
Sharp EL-1197PIII Heavy Duty Color Printing Calculator with Clock and Calendar,$39.82,B00005BIEF,https://www.amazon.com/Sharp-EL-1197PIII-Printing-Calculator-Calendar/dp/B00005BIEF/ref=sr_1_272?m=A3DQZEP4SGW5UA&qid=1699704071&s=merchant-items&sr=1-272
Pleated Mini Skirt with Side Zipper,$15.83,B00BB5ZI5K,https://www.amazon.com/Elegant-Moments-Womens-Pleated-Turquoise/dp/B00BB5ZI5K/ref=sr_1_273?m=A3DQZEP4SGW5UA&qid=1699704078&s=merchant-items&sr=1-273
Coquette 85570: Open Back Fishnet Pantyhose Blk Os,$15.83,B0BVRT7VRY,https://www.amazon.com/Coquette-Womens-Black-Pantyhose-Lingerie/dp/B0BVRT7VRY/ref=sr_1_274?m=A3DQZEP4SGW5UA&qid=1699704078&s=merchant-items&sr=1-274
"Mobile Edge Smartpack 15.6 Inch Laptop Backpack with Separate Padded Tablet Compartment Crimson Lightweight Red for Men, Women, MEBPSP7, Crimson Red",$15.83,B019L9Z6RW,https://www.amazon.com/Mobile-edge-Me-Slipsuit-Sleeve/dp/B019L9Z6RW/ref=sr_1_275?m=A3DQZEP4SGW5UA&qid=1699704078&s=merchant-items&sr=1-275
womens Raspberry Chemise & G-string Set,$15.83,B0BVRV477L,https://www.amazon.com/Coquette-Womens-Raspberry-G-string-Chemise/dp/B0BVRV477L/ref=sr_1_276?m=A3DQZEP4SGW5UA&qid=1699704078&s=merchant-items&sr=1-276
Garter Halter Teddy with Wired Cups & Stockings - O/S,$15.83,B09NRYCH19,https://www.amazon.com/World-Intimates-Stockings-Strawberry-Daiquiri/dp/B09NRYCH19/ref=sr_1_277?m=A3DQZEP4SGW5UA&qid=1699704078&s=merchant-items&sr=1-277
Strappy Garter Teddy w/Keyhole Cups & Stockings Red O/S,$15.83,B0BS65Z4DF,https://www.amazon.com/Strappy-Garter-Teddy-Keyhole-Stockings/dp/B0BS65Z4DF/ref=sr_1_278?m=A3DQZEP4SGW5UA&qid=1699704078&s=merchant-items&sr=1-278
Rene Rofe Queen of Hearts Tube Dress Red O/s,$15.83,B0859LFSFV,https://www.amazon.com/Rene-Rofe-Queen-Hearts-Dress/dp/B0859LFSFV/ref=sr_1_279?m=A3DQZEP4SGW5UA&qid=1699704078&s=merchant-items&sr=1-279
womens Cross-shaped Pasties,$15.83,B09W447NMH,https://www.amazon.com/Coquette-22116-Cross-Shaped-Pasties/dp/B09W447NMH/ref=sr_1_280?m=A3DQZEP4SGW5UA&qid=1699704078&s=merchant-items&sr=1-280
BigMouth Inc. 22-BSS-3908 Mermaid Tail Saddle Seat Float,$15.83,B09JVND1TB,https://www.amazon.com/BigMouth-Mermaid-Saddle-Multi-Large/dp/B09JVND1TB/ref=sr_1_281?m=A3DQZEP4SGW5UA&qid=1699704078&s=merchant-items&sr=1-281
Case Logic VNB-217BLACK Value 17-Inch Laptop Backpack (Black),$15.83,B002J9HBSE,https://www.amazon.com/Case-Logic-VNB-217BLACK-17-Inch-Backpack/dp/B002J9HBSE/ref=sr_1_282?m=A3DQZEP4SGW5UA&qid=1699704078&s=merchant-items&sr=1-282
Allstar Performance ALL23075 Flexible Body Brace,$15.83,B00JQW46QW,https://www.amazon.com/Allstar-Performance-ALL23075-Flexible-Brace/dp/B00JQW46QW/ref=sr_1_283?m=A3DQZEP4SGW5UA&qid=1699704078&s=merchant-items&sr=1-283
Women's Footless Stocking Red,$15.83,B09TTQZR6Z,https://www.amazon.com/Coquette-womens-Footless-Stocking-X-Large-Queen/dp/B09TTQZR6Z/ref=sr_1_284?m=A3DQZEP4SGW5UA&qid=1699704078&s=merchant-items&sr=1-284
"Rene Rofe 4 Pc Sweet Mary Jane White O/s, One Size",$15.83,B09FTN97RV,https://www.amazon.com/Rene-Rofe-Sweet-Mary-White/dp/B09FTN97RV/ref=sr_1_285?m=A3DQZEP4SGW5UA&qid=1699704078&s=merchant-items&sr=1-285
Sheer Lace Babydoll Teddy & Lace Leg Garters - O/S,$15.83,B09NRX77VW,https://www.amazon.com/World-Intimates-Sheer-Babydoll-Garters/dp/B09NRX77VW/ref=sr_1_286?m=A3DQZEP4SGW5UA&qid=1699704078&s=merchant-items&sr=1-286
"Amber Fight GearUltimateGym Bag Duffle Mesh Bags Workout Bag Gym Bagfor Boxing, MMA, Kickboxing Wrestling, or Active Athlete Bag. It’s a Breathable Duffel Bag for Sweaty Clothes and Equipment. 26”",$15.83,B09X1VXX7G,https://www.amazon.com/Amber-Fight-GearUltimateGym-Kickboxing-Breathable/dp/B09X1VXX7G/ref=sr_1_287?m=A3DQZEP4SGW5UA&qid=1699704078&s=merchant-items&sr=1-287
White Tank Top 6 Pack,$15.83,B0747W3W65,https://www.amazon.com/Bambini-White-Tank-Top-Pack/dp/B0747W3W65/ref=sr_1_288?m=A3DQZEP4SGW5UA&qid=1699704078&s=merchant-items&sr=1-288
"MSI Force GC30V2 Wireless Gaming Controller, Dual Vibration Motors, Dual Connection Modes, Interchangable D-Pads, Compatible with PC & Android",$55.28,B09PFBX39L,https://www.amazon.com/MSI-Force-Controller-Connection-Interchangable/dp/B09PFBX39L/ref=sr_1_289?m=A3DQZEP4SGW5UA&qid=1699704081&s=merchant-items&sr=1-289
Zerex Asian Vehicle Red Silicate and Borate Free 50/50 Prediluted Ready-to-Use Antifreeze/Coolant 1 GA,$55.28,B0033QO022,https://www.amazon.com/Zerex-Asian-Antifreeze-Coolant-Ready/dp/B0033QO022/ref=sr_1_290?m=A3DQZEP4SGW5UA&qid=1699704081&s=merchant-items&sr=1-290
Trojan Double Ecstasy Lubricated Condoms - 10 Count,$55.28,B00HRU9YDU,https://www.amazon.com/Trojan-Double-Ecstasy-Lubricated-Condoms/dp/B00HRU9YDU/ref=sr_1_291?m=A3DQZEP4SGW5UA&qid=1699704081&s=merchant-items&sr=1-291
"Canon Genuine Toner, Cartridge 054 Black, High Capacity (3028C001) 1 Pack Color imageCLASS MF641Cdw, MF642Cdw, MF644Cdw, LBP622Cdw Laser Printer, Black High Capacity",$55.28,B07QFYHY72,https://www.amazon.com/Canon-Toner-Cartridge-054-imageCLASS/dp/B07QFYHY72/ref=sr_1_292?m=A3DQZEP4SGW5UA&qid=1699704081&s=merchant-items&sr=1-292
Mobil 1 M1-102A Extended Performance Oil Filter,$55.28,B071HCB8PC,https://www.amazon.com/Mobil-M1-102A-Extended-Performance-Filter/dp/B071HCB8PC/ref=sr_1_293?m=A3DQZEP4SGW5UA&qid=1699704081&s=merchant-items&sr=1-293
"Scepter 06792 14 Gallon Flo-N-Go Duramax Gasoline 14 Gallon Portable Gas Fuel Tank Container with Fluid Transfer Siphon Pump Fuel Caddy, Red",$55.28,B000MT94QA,https://www.amazon.com/Scepter-6792-Duramax-Gallon-Flo-N-Go/dp/B000MT94QA/ref=sr_1_294?m=A3DQZEP4SGW5UA&qid=1699704081&s=merchant-items&sr=1-294
"Canon Ink Canon CL-261XL Amr Printer Ink, Extra Large, Multi",$55.28,B07W3QCS6Z,https://www.amazon.com/Canon-CL-261XL-Printer-Extra-Large/dp/B07W3QCS6Z/ref=sr_1_295?m=A3DQZEP4SGW5UA&qid=1699704081&s=merchant-items&sr=1-295
Camco Sidewinder 10-Ft Camper/RV Sewer Hose Support | Telescoping Design Flexes Around Obstacles & Deep Cradles Secure Sewer Hose | Out-of-the-Box Ready & Folds for RV Storage and Organization (43031),$55.28,B000EDQQJ2,https://www.amazon.com/Camco-Feet-43031-Sidewinder-Support-10/dp/B000EDQQJ2/ref=sr_1_296?m=A3DQZEP4SGW5UA&qid=1699704081&s=merchant-items&sr=1-296
Elementa Silver - Adult Mouth Rinse 20 fl oz. - Wintermint,$55.28,B0887PFMM4,https://www.amazon.com/Elementa-Silver-Nanosilver-Adult-Wintermint/dp/B0887PFMM4/ref=sr_1_297?m=A3DQZEP4SGW5UA&qid=1699704081&s=merchant-items&sr=1-297
"Logitech Pebble Wireless Mouse with Bluetooth or 2.4 GHz Receiver, Silent, Slim Computer Mouse with Quiet Clicks, for Laptop/Notebook/iPad/PC/Mac/Chromebook - Pink Rose",$55.28,B07X5GHZYJ,https://www.amazon.com/Logitech-Pebble-Wireless-Mouse-Bluetooth/dp/B07X5GHZYJ/ref=sr_1_298?m=A3DQZEP4SGW5UA&qid=1699704081&s=merchant-items&sr=1-298
Crucial X6 1TB Portable SSD - Up to 800MB/s - PC and Mac - USB 3.2 USB-C External Solid State Drive - CT1000X6SSD9,$55.28,B08FSZT2J7,https://www.amazon.com/Crucial-1TB-Portable-SSD-CT1000X6SSD9/dp/B08FSZT2J7/ref=sr_1_299?m=A3DQZEP4SGW5UA&qid=1699704081&s=merchant-items&sr=1-299
StarTech.com USB 3.0 to HDMI Adapter - 1080p (1920x1200) - Slim/Compact USB Type-A to HDMI Display Adapter Converter for Monitor - External Video & Graphics Card - Black - Windows Only (USB32HDES),$55.28,B00H91BQ7Y,https://www.amazon.com/StarTech-com-USB-HDMI-Adapter-External/dp/B00H91BQ7Y/ref=sr_1_300?m=A3DQZEP4SGW5UA&qid=1699704081&s=merchant-items&sr=1-300
"Brother Genuine High Yield Black Ink Cartridge, LC75BK, Replacement Black Ink, Page Yield Up to 600 Pages, LC75",$55.28,B004HIQ6IG,https://www.amazon.com/Brother-Genuine-Cartridge-LC75BK-Replacement/dp/B004HIQ6IG/ref=sr_1_301?m=A3DQZEP4SGW5UA&qid=1699704081&s=merchant-items&sr=1-301
"Winsome Wood Henry Accent Table, Black, 19 inches",$55.28,B000NPTUGM,https://www.amazon.com/Winsome-Wood-20115-Henry-Accent/dp/B000NPTUGM/ref=sr_1_302?m=A3DQZEP4SGW5UA&qid=1699704081&s=merchant-items&sr=1-302
Nylabone Chew & Treat Toy for Dogs - Interactive Dog Enrichment Chew & Treat Toys,$55.28,B0828NM6XV,https://www.amazon.com/Nylabone-Extreme-Chewing-Knuckle-Chicken/dp/B0828NM6XV/ref=sr_1_303?m=A3DQZEP4SGW5UA&qid=1699704081&s=merchant-items&sr=1-303
"Elite Gourmet EDF-401T Electric Immersion Deep Fryer 3-Baskets, 1700-Watt, Timer Control, Adjustable Temperature, Lid with Viewing Window and Odor Free Filter, Stainless Steel and Black",$55.28,B00N9TPNNI,https://www.amazon.com/EDF-401T-Maxi-Matic-1700-Watt-Stainless-Steel-Temperature/dp/B00N9TPNNI/ref=sr_1_304?m=A3DQZEP4SGW5UA&qid=1699704081&s=merchant-items&sr=1-304
Women's Slip Style Fishnet Mini Dress and Matching G-String,$13.08,B001MXGXKU,https://www.amazon.com/Elegant-Moments-Fishnet-Matching-G-String/dp/B001MXGXKU/ref=sr_1_305?m=A3DQZEP4SGW5UA&qid=1699704095&s=merchant-items&sr=1-305
Coquette Footless Fishnet W/rhinestone Pantyhose Black O/s,$13.08,B0841NZRJB,https://www.amazon.com/Coquette-Footless-Fishnet-rhinestone-Pantyhose/dp/B0841NZRJB/ref=sr_1_306?m=A3DQZEP4SGW5UA&qid=1699704095&s=merchant-items&sr=1-306
